Id Tiny;Ref. Pai;Código;Embalagem;Quantidade embalagem;;;;;;;;;;;;;;;;;;;;;;;;;;;
935283075;;RA-469R;EMB-007;1;;;;;;;;;;;;;;;;;;;;;;;;;;;
935283103;;RA-469R-4;EMB-007;1;;;;;;;;;;;;;;;;;;;;;;;;;;;
935283108;;RA-469H-4;EMB-007;1;;;;;;;;;;;;;;;;;;;;;;;;;;;
-;;2191;EMB-007;1;;;;;;;;;;;;;;;;;;;;;;;;;;;
-;;2192;EMB-007;1;;;;;;;;;;;;;;;;;;;;;;;;;;;
-;;2193;EMB-007;1;;;;;;;;;;;;;;;;;;;;;;;;;;;
-;;;EMB-007;1;;;;;;;;;;;;;;;;;;;;;;;;;;;
-;;;EMB-007;1;;;;;;;;;;;;;;;;;;;;;;;;;;;
-;;;EMB-007;1;;;;;;;;;;;;;;;;;;;;;;;;;;;
-;;5248;EMB-012;1;;;;;;;;;;;;;;;;;;;;;;;;;;;
-;;12;EMB-012;1;;;;;;;;;;;;;;;;;;;;;;;;;;;
-;;248;EMB-012;1;;;;;;;;;;;;;;;;;;;;;;;;;;;
-;;11;EMB-012;1;;;;;;;;;;;;;;;;;;;;;;;;;;;
-;;13;EMB-012;1;;;;;;;;;;;;;;;;;;;;;;;;;;;
-;;14;EMB-012;1;;;;;;;;;;;;;;;;;;;;;;;;;;;
-;;22a;EMB-012;1;;;;;;;;;;;;;;;;;;;;;;;;;;;
-;;21A;EMB-012;1;;;;;;;;;;;;;;;;;;;;;;;;;;;
-;;8156;EMB-012;1;;;;;;;;;;;;;;;;;;;;;;;;;;;
-;;156;EMB-007;1;;;;;;;;;;;;;;;;;;;;;;;;;;;
-;;415;EMB-007;1;;;;;;;;;;;;;;;;;;;;;;;;;;;
891945657;;8155A;EMB-012;1;;;;;;;;;;;;;;;;;;;;;;;;;;;
-;;8155;EMB-012;1;;;;;;;;;;;;;;;;;;;;;;;;;;;
891945690;;8155C;EMB-012;1;;;;;;;;;;;;;;;;;;;;;;;;;;;
891945733;;8155R;EMB-012;1;;;;;;;;;;;;;;;;;;;;;;;;;;;
891945769;;8155P;EMB-012;1;;;;;;;;;;;;;;;;;;;;;;;;;;;
891945759;;8155VD;EMB-012;1;;;;;;;;;;;;;;;;;;;;;;;;;;;
891945709;;8155VM;EMB-012;1;;;;;;;;;;;;;;;;;;;;;;;;;;;
-;;155;EMB-012;1;;;;;;;;;;;;;;;;;;;;;;;;;;;
891945631;;155A;EMB-012;1;;;;;;;;;;;;;;;;;;;;;;;;;;;
891945643;;155C;EMB-012;1;;;;;;;;;;;;;;;;;;;;;;;;;;;
891945697;;155R;EMB-012;1;;;;;;;;;;;;;;;;;;;;;;;;;;;
891945678;;155VD;EMB-012;1;;;;;;;;;;;;;;;;;;;;;;;;;;;
891945722;;155VM;EMB-012;1;;;;;;;;;;;;;;;;;;;;;;;;;;;
-;;17;EMB-007;1;;;;;;;;;;;;;;;;;;;;;;;;;;;
-;;401;EMB-007;1;;;;;;;;;;;;;;;;;;;;;;;;;;;
-;;5401;EMB-012;1;;;;;;;;;;;;;;;;;;;;;;;;;;;
-;;250;EMB-007;1;;;;;;;;;;;;;;;;;;;;;;;;;;;
-;;250-2;EMB-007;1;;;;;;;;;;;;;;;;;;;;;;;;;;;
-;;5156;EMB-012;1;;;;;;;;;;;;;;;;;;;;;;;;;;;
-;;225;EMB-007;1;;;;;;;;;;;;;;;;;;;;;;;;;;;
-;;5415;EMB-007;1;;;;;;;;;;;;;;;;;;;;;;;;;;;
-;;5155;EMB-012;1;;;;;;;;;;;;;;;;;;;;;;;;;;;
-;;5250;EMB-012;1;;;;;;;;;;;;;;;;;;;;;;;;;;;
891952266;;5250-2;EMB-012;1;;;;;;;;;;;;;;;;;;;;;;;;;;;
-;;150;EMB-007;1;;;;;;;;;;;;;;;;;;;;;;;;;;;
-;;151;EMB-007;1;;;;;;;;;;;;;;;;;;;;;;;;;;;
-;;151;EMB-007;1;;;;;;;;;;;;;;;;;;;;;;;;;;;
-;;185;EMB-007;1;;;;;;;;;;;;;;;;;;;;;;;;;;;
-;;184;EMB-007;1;;;;;;;;;;;;;;;;;;;;;;;;;;;
-;;183;EMB-007;1;;;;;;;;;;;;;;;;;;;;;;;;;;;
-;;181;EMB-007;1;;;;;;;;;;;;;;;;;;;;;;;;;;;
-;;182;EMB-007;1;;;;;;;;;;;;;;;;;;;;;;;;;;;
-;;8185;EMB-007;1;;;;;;;;;;;;;;;;;;;;;;;;;;;
-;;1185;EMB-007;1;;;;;;;;;;;;;;;;;;;;;;;;;;;
-;;8184;EMB-007;1;;;;;;;;;;;;;;;;;;;;;;;;;;;
-;;1184;EMB-007;1;;;;;;;;;;;;;;;;;;;;;;;;;;;
-;;1183;EMB-007;1;;;;;;;;;;;;;;;;;;;;;;;;;;;
-;;8183;EMB-007;1;;;;;;;;;;;;;;;;;;;;;;;;;;;
-;;1181;EMB-007;1;;;;;;;;;;;;;;;;;;;;;;;;;;;
-;;8181;EMB-007;1;;;;;;;;;;;;;;;;;;;;;;;;;;;
-;;8182;EMB-007;1;;;;;;;;;;;;;;;;;;;;;;;;;;;
891945462;;8182A;EMB-008;1;;;;;;;;;;;;;;;;;;;;;;;;;;;
891945445;;8182B;EMB-008;1;;;;;;;;;;;;;;;;;;;;;;;;;;;
891945434;;8182C;EMB-008;1;;;;;;;;;;;;;;;;;;;;;;;;;;;
891945424;;8182R;EMB-008;1;;;;;;;;;;;;;;;;;;;;;;;;;;;
891945413;;8182VM;EMB-008;1;;;;;;;;;;;;;;;;;;;;;;;;;;;
-;;1182;EMB-007;1;;;;;;;;;;;;;;;;;;;;;;;;;;;
-;;188;EMB-007;1;;;;;;;;;;;;;;;;;;;;;;;;;;;
-;;188;EMB-007;1;;;;;;;;;;;;;;;;;;;;;;;;;;;
-;;187;EMB-007;1;;;;;;;;;;;;;;;;;;;;;;;;;;;
-;;8188;EMB-008;1;;;;;;;;;;;;;;;;;;;;;;;;;;;
891952491;;8188A;EMB-008;1;;;;;;;;;;;;;;;;;;;;;;;;;;;
891952435;;8188B;EMB-008;1;;;;;;;;;;;;;;;;;;;;;;;;;;;
891952415;;8188C;EMB-008;1;;;;;;;;;;;;;;;;;;;;;;;;;;;
891952393;;8188R;EMB-008;1;;;;;;;;;;;;;;;;;;;;;;;;;;;
891952365;;8188VM;EMB-008;1;;;;;;;;;;;;;;;;;;;;;;;;;;;
-;;8188;EMB-007;1;;;;;;;;;;;;;;;;;;;;;;;;;;;
891953335;;8188-2;EMB-007;1;;;;;;;;;;;;;;;;;;;;;;;;;;;
891953414;;8188B-2;EMB-007;1;;;;;;;;;;;;;;;;;;;;;;;;;;;
891953403;;8188C-2;EMB-007;1;;;;;;;;;;;;;;;;;;;;;;;;;;;
891953386;;8188R-2;EMB-007;1;;;;;;;;;;;;;;;;;;;;;;;;;;;
891953361;;8188VM-2;EMB-007;1;;;;;;;;;;;;;;;;;;;;;;;;;;;
-;;8188;EMB-007;1;;;;;;;;;;;;;;;;;;;;;;;;;;;
-;;8188;EMB-007;1;;;;;;;;;;;;;;;;;;;;;;;;;;;
-;;8188;EMB-007;1;;;;;;;;;;;;;;;;;;;;;;;;;;;
-;;8188;EMB-007;1;;;;;;;;;;;;;;;;;;;;;;;;;;;
-;;8188;EMB-007;1;;;;;;;;;;;;;;;;;;;;;;;;;;;
891953442;;8188-4;EMB-007;1;;;;;;;;;;;;;;;;;;;;;;;;;;;
891953517;;8188B-4;EMB-007;1;;;;;;;;;;;;;;;;;;;;;;;;;;;
891953468;;8188C-4;EMB-007;1;;;;;;;;;;;;;;;;;;;;;;;;;;;
891953501;;8188R-4;EMB-007;1;;;;;;;;;;;;;;;;;;;;;;;;;;;
891953484;;8188VM-4;EMB-007;1;;;;;;;;;;;;;;;;;;;;;;;;;;;
-;;8188;EMB-007;1;;;;;;;;;;;;;;;;;;;;;;;;;;;
-;;8188;EMB-007;1;;;;;;;;;;;;;;;;;;;;;;;;;;;
-;;1188;EMB-007;1;;;;;;;;;;;;;;;;;;;;;;;;;;;
-;;1187;EMB-007;1;;;;;;;;;;;;;;;;;;;;;;;;;;;
-;;8187;EMB-007;1;;;;;;;;;;;;;;;;;;;;;;;;;;;
-;;8180;EMB-007;1;;;;;;;;;;;;;;;;;;;;;;;;;;;
-;;180;EMB-007;1;;;;;;;;;;;;;;;;;;;;;;;;;;;
-;;180DO;EMB-007;1;;;;;;;;;;;;;;;;;;;;;;;;;;;
-;;1180;EMB-007;1;;;;;;;;;;;;;;;;;;;;;;;;;;;
-;;1180DO;EMB-007;1;;;;;;;;;;;;;;;;;;;;;;;;;;;
-;;31;EMB-009;1;;;;;;;;;;;;;;;;;;;;;;;;;;;
-;;32;EMB-009;1;;;;;;;;;;;;;;;;;;;;;;;;;;;
-;;33;EMB-009;1;;;;;;;;;;;;;;;;;;;;;;;;;;;
891944732;;34-2;EMB-009;1;;;;;;;;;;;;;;;;;;;;;;;;;;;
891944722;;34-3;EMB-009;1;;;;;;;;;;;;;;;;;;;;;;;;;;;
-;;8031;EMB-009;1;;;;;;;;;;;;;;;;;;;;;;;;;;;
-;;8051;EMB-009;1;;;;;;;;;;;;;;;;;;;;;;;;;;;
-;;51;EMB-009;1;;;;;;;;;;;;;;;;;;;;;;;;;;;
-;;8041;EMB-009;1;;;;;;;;;;;;;;;;;;;;;;;;;;;
-;;41;EMB-009;1;;;;;;;;;;;;;;;;;;;;;;;;;;;
-;;8032;EMB-009;1;;;;;;;;;;;;;;;;;;;;;;;;;;;
-;;8052;EMB-009;1;;;;;;;;;;;;;;;;;;;;;;;;;;;
-;;52;EMB-009;1;;;;;;;;;;;;;;;;;;;;;;;;;;;
-;;42;EMB-009;1;;;;;;;;;;;;;;;;;;;;;;;;;;;
-;;53;EMB-009;1;;;;;;;;;;;;;;;;;;;;;;;;;;;
-;;43;EMB-009;1;;;;;;;;;;;;;;;;;;;;;;;;;;;
-;;419;EMB-007;1;;;;;;;;;;;;;;;;;;;;;;;;;;;
-;;420;EMB-007;1;;;;;;;;;;;;;;;;;;;;;;;;;;;
-;;1420;EMB-007;1;;;;;;;;;;;;;;;;;;;;;;;;;;;
-;;2923;EMB-012;1;;;;;;;;;;;;;;;;;;;;;;;;;;;
-;;2927;EMB-012;1;;;;;;;;;;;;;;;;;;;;;;;;;;;
-;;2926;EMB-012;1;;;;;;;;;;;;;;;;;;;;;;;;;;;
-;;2924;EMB-012;1;;;;;;;;;;;;;;;;;;;;;;;;;;;
-;;2928;EMB-012;1;;;;;;;;;;;;;;;;;;;;;;;;;;;
-;;2929;EMB-012;1;;;;;;;;;;;;;;;;;;;;;;;;;;;
891946847;;292X;EMB-012;1;;;;;;;;;;;;;;;;;;;;;;;;;;;
-;;2921;EMB-012;1;;;;;;;;;;;;;;;;;;;;;;;;;;;
-;;292;EMB-012;1;;;;;;;;;;;;;;;;;;;;;;;;;;;
-;;2920;EMB-012;1;;;;;;;;;;;;;;;;;;;;;;;;;;;
-;;2922;EMB-012;1;;;;;;;;;;;;;;;;;;;;;;;;;;;
-;;2925;EMB-012;1;;;;;;;;;;;;;;;;;;;;;;;;;;;
-;;295;EMB-012;1;;;;;;;;;;;;;;;;;;;;;;;;;;;
891946972;;293X;EMB-012;1;;;;;;;;;;;;;;;;;;;;;;;;;;;
-;;2937;EMB-012;1;;;;;;;;;;;;;;;;;;;;;;;;;;;
-;;2933;EMB-012;1;;;;;;;;;;;;;;;;;;;;;;;;;;;
-;;2936;EMB-012;1;;;;;;;;;;;;;;;;;;;;;;;;;;;
-;;2933-4;EMB-012;1;;;;;;;;;;;;;;;;;;;;;;;;;;;
-;;2934;EMB-012;1;;;;;;;;;;;;;;;;;;;;;;;;;;;
-;;2938;EMB-012;1;;;;;;;;;;;;;;;;;;;;;;;;;;;
-;;2939;EMB-012;1;;;;;;;;;;;;;;;;;;;;;;;;;;;
-;;2931;EMB-012;1;;;;;;;;;;;;;;;;;;;;;;;;;;;
-;;2930;EMB-012;1;;;;;;;;;;;;;;;;;;;;;;;;;;;
-;;2932;EMB-012;1;;;;;;;;;;;;;;;;;;;;;;;;;;;
-;;2935;EMB-012;1;;;;;;;;;;;;;;;;;;;;;;;;;;;
891946972;;293X;EMB-012;1;;;;;;;;;;;;;;;;;;;;;;;;;;;
891951231;;2933-2;EMB-012;1;;;;;;;;;;;;;;;;;;;;;;;;;;;
891951280;;2937-2;EMB-012;1;;;;;;;;;;;;;;;;;;;;;;;;;;;
891951210;;2936-2;EMB-012;1;;;;;;;;;;;;;;;;;;;;;;;;;;;
-;;2938-4;EMB-012;1;;;;;;;;;;;;;;;;;;;;;;;;;;;
891951225;;2934-2;EMB-012;1;;;;;;;;;;;;;;;;;;;;;;;;;;;
891951248;;2938-2;EMB-012;1;;;;;;;;;;;;;;;;;;;;;;;;;;;
-;;2939-4;EMB-012;1;;;;;;;;;;;;;;;;;;;;;;;;;;;
891951195;;2939-2;EMB-012;1;;;;;;;;;;;;;;;;;;;;;;;;;;;
891951297;;2931-2;EMB-012;1;;;;;;;;;;;;;;;;;;;;;;;;;;;
891951263;;2930-2;EMB-012;1;;;;;;;;;;;;;;;;;;;;;;;;;;;
-;;293;EMB-012;1;;;;;;;;;;;;;;;;;;;;;;;;;;;
-;;293-2;EMB-012;1;;;;;;;;;;;;;;;;;;;;;;;;;;;
891951190;;2932-2;EMB-012;1;;;;;;;;;;;;;;;;;;;;;;;;;;;
891951142;;293X-2;EMB-012;1;;;;;;;;;;;;;;;;;;;;;;;;;;;
-;;2930-4;EMB-012;1;;;;;;;;;;;;;;;;;;;;;;;;;;;
891951308;;2935-2;EMB-012;1;;;;;;;;;;;;;;;;;;;;;;;;;;;
891951101;;2937-4;EMB-012;1;;;;;;;;;;;;;;;;;;;;;;;;;;;
891951036;;2936-4;EMB-012;1;;;;;;;;;;;;;;;;;;;;;;;;;;;
891951043;;2934-4;EMB-012;1;;;;;;;;;;;;;;;;;;;;;;;;;;;
891951002;;2931-4;EMB-012;1;;;;;;;;;;;;;;;;;;;;;;;;;;;
891950976;;2932-4;EMB-012;1;;;;;;;;;;;;;;;;;;;;;;;;;;;
891950942;;293X-4;EMB-012;1;;;;;;;;;;;;;;;;;;;;;;;;;;;
-;;2935-4;EMB-012;1;;;;;;;;;;;;;;;;;;;;;;;;;;;
-;;296;EMB-012;1;;;;;;;;;;;;;;;;;;;;;;;;;;;
-;;2913;EMB-014;1;;;;;;;;;;;;;;;;;;;;;;;;;;;
-;;2917;EMB-014;1;;;;;;;;;;;;;;;;;;;;;;;;;;;
-;;2916;EMB-014;1;;;;;;;;;;;;;;;;;;;;;;;;;;;
-;;2914;EMB-014;1;;;;;;;;;;;;;;;;;;;;;;;;;;;
-;;2918;EMB-014;1;;;;;;;;;;;;;;;;;;;;;;;;;;;
-;;2919;EMB-014;1;;;;;;;;;;;;;;;;;;;;;;;;;;;
-;;2911;EMB-014;1;;;;;;;;;;;;;;;;;;;;;;;;;;;
-;;2910;EMB-014;1;;;;;;;;;;;;;;;;;;;;;;;;;;;
-;;2912;EMB-014;1;;;;;;;;;;;;;;;;;;;;;;;;;;;
-;;2915;EMB-014;1;;;;;;;;;;;;;;;;;;;;;;;;;;;
891953715;;2913-2;EMB-014;1;;;;;;;;;;;;;;;;;;;;;;;;;;;
891953612;;2917-2;EMB-014;1;;;;;;;;;;;;;;;;;;;;;;;;;;;
891953628;;2916-2;EMB-014;1;;;;;;;;;;;;;;;;;;;;;;;;;;;
891953552;;291X-2;EMB-014;1;;;;;;;;;;;;;;;;;;;;;;;;;;;
891953679;;2914-2;EMB-014;1;;;;;;;;;;;;;;;;;;;;;;;;;;;
-;;291;EMB-014;1;;;;;;;;;;;;;;;;;;;;;;;;;;;
-;;291-2;EMB-014;1;;;;;;;;;;;;;;;;;;;;;;;;;;;
891953722;;2918-2;EMB-014;1;;;;;;;;;;;;;;;;;;;;;;;;;;;
891953700;;2919-2;EMB-014;1;;;;;;;;;;;;;;;;;;;;;;;;;;;
891953684;;2911-2;EMB-014;1;;;;;;;;;;;;;;;;;;;;;;;;;;;
891953645;;2910-2;EMB-014;1;;;;;;;;;;;;;;;;;;;;;;;;;;;
891953746;;2912-2;EMB-014;1;;;;;;;;;;;;;;;;;;;;;;;;;;;
891953658;;2915-2;EMB-014;1;;;;;;;;;;;;;;;;;;;;;;;;;;;
-;;294;EMB-014;1;;;;;;;;;;;;;;;;;;;;;;;;;;;
-;;29123;EMB-012;1;;;;;;;;;;;;;;;;;;;;;;;;;;;
-;;29132333;EMB-012;1;;;;;;;;;;;;;;;;;;;;;;;;;;;
-;;29172737;EMB-012;1;;;;;;;;;;;;;;;;;;;;;;;;;;;
-;;29162636;EMB-012;1;;;;;;;;;;;;;;;;;;;;;;;;;;;
-;;29182838;EMB-012;1;;;;;;;;;;;;;;;;;;;;;;;;;;;
-;;29102030;EMB-012;1;;;;;;;;;;;;;;;;;;;;;;;;;;;
-;;29112131;EMB-012;1;;;;;;;;;;;;;;;;;;;;;;;;;;;
-;;29142434;EMB-012;1;;;;;;;;;;;;;;;;;;;;;;;;;;;
-;;29192939;EMB-012;1;;;;;;;;;;;;;;;;;;;;;;;;;;;
-;;29122232;EMB-012;1;;;;;;;;;;;;;;;;;;;;;;;;;;;
-;;29152535;EMB-012;1;;;;;;;;;;;;;;;;;;;;;;;;;;;
-;;81;EMB-007;1;;;;;;;;;;;;;;;;;;;;;;;;;;;
-;;COADOR;EMB-007;1;;;;;;;;;;;;;;;;;;;;;;;;;;;
-;;82;EMB-007;1;;;;;;;;;;;;;;;;;;;;;;;;;;;
-;;83;EMB-008;1;;;;;;;;;;;;;;;;;;;;;;;;;;;
891944676;;83C;EMB-008;1;;;;;;;;;;;;;;;;;;;;;;;;;;;
891944670;;83A;EMB-008;1;;;;;;;;;;;;;;;;;;;;;;;;;;;
891944706;;83R;EMB-008;1;;;;;;;;;;;;;;;;;;;;;;;;;;;
891944686;;83VD;EMB-008;1;;;;;;;;;;;;;;;;;;;;;;;;;;;
891944698;;83VM;EMB-008;1;;;;;;;;;;;;;;;;;;;;;;;;;;;
-;;4264;EMB-007;1;;;;;;;;;;;;;;;;;;;;;;;;;;;
-;;5264;EMB-007;1;;;;;;;;;;;;;;;;;;;;;;;;;;;
-;;7152;EMB-007;1;;;;;;;;;;;;;;;;;;;;;;;;;;;
-;;8152;EMB-007;1;;;;;;;;;;;;;;;;;;;;;;;;;;;
-;;5152;EMB-007;1;;;;;;;;;;;;;;;;;;;;;;;;;;;
-;;7153;EMB-007;1;;;;;;;;;;;;;;;;;;;;;;;;;;;
-;;8153;EMB-007;1;;;;;;;;;;;;;;;;;;;;;;;;;;;
-;;5153;EMB-007;1;;;;;;;;;;;;;;;;;;;;;;;;;;;
-;;8160;EMB-007;1;;;;;;;;;;;;;;;;;;;;;;;;;;;
-;;7160;EMB-007;1;;;;;;;;;;;;;;;;;;;;;;;;;;;
-;;5160;EMB-007;1;;;;;;;;;;;;;;;;;;;;;;;;;;;
-;;7154;EMB-007;1;;;;;;;;;;;;;;;;;;;;;;;;;;;
-;;8154;EMB-015;1;;;;;;;;;;;;;;;;;;;;;;;;;;;
-;;5154;EMB-007;1;;;;;;;;;;;;;;;;;;;;;;;;;;;
-;;8159;EMB-007;1;;;;;;;;;;;;;;;;;;;;;;;;;;;
-;;7159;EMB-007;1;;;;;;;;;;;;;;;;;;;;;;;;;;;
-;;5159;EMB-007;1;;;;;;;;;;;;;;;;;;;;;;;;;;;
-;;8158;EMB-007;1;;;;;;;;;;;;;;;;;;;;;;;;;;;
-;;7158;EMB-007;1;;;;;;;;;;;;;;;;;;;;;;;;;;;
-;;5158;EMB-007;1;;;;;;;;;;;;;;;;;;;;;;;;;;;
-;;5028;EMB-007;1;;;;;;;;;;;;;;;;;;;;;;;;;;;
-;;264;EMB-007;1;;;;;;;;;;;;;;;;;;;;;;;;;;;
-;;28;EMB-007;1;;;;;;;;;;;;;;;;;;;;;;;;;;;
906913090;;434A;EMB-008;1;;;;;;;;;;;;;;;;;;;;;;;;;;;
906913093;;434VM;EMB-008;1;;;;;;;;;;;;;;;;;;;;;;;;;;;
906913087;;434VD;EMB-008;1;;;;;;;;;;;;;;;;;;;;;;;;;;;
906913102;;434B;EMB-008;1;;;;;;;;;;;;;;;;;;;;;;;;;;;
906913096;;434C;EMB-008;1;;;;;;;;;;;;;;;;;;;;;;;;;;;
906913099;;8434R;EMB-008;1;;;;;;;;;;;;;;;;;;;;;;;;;;;
907040414;;8434C;EMB-008;1;;;;;;;;;;;;;;;;;;;;;;;;;;;
906928723;;8434VD;EMB-008;1;;;;;;;;;;;;;;;;;;;;;;;;;;;
-;;434;EMB-008;1;;;;;;;;;;;;;;;;;;;;;;;;;;;
891944778;;434A-2;EMB-008;1;;;;;;;;;;;;;;;;;;;;;;;;;;;
891944802;;434C-2;EMB-008;1;;;;;;;;;;;;;;;;;;;;;;;;;;;
906757424;;434B-2;EMB-008;1;;;;;;;;;;;;;;;;;;;;;;;;;;;
891944767;;434VD-2;EMB-008;1;;;;;;;;;;;;;;;;;;;;;;;;;;;
891944790;;434VM-2;EMB-008;1;;;;;;;;;;;;;;;;;;;;;;;;;;;
891944810;;8434R-2;EMB-008;1;;;;;;;;;;;;;;;;;;;;;;;;;;;
907040316;;8434C-2;EMB-008;1;;;;;;;;;;;;;;;;;;;;;;;;;;;
-;;435;EMB-007;1;;;;;;;;;;;;;;;;;;;;;;;;;;;
-;;8435;EMB-007;1;;;;;;;;;;;;;;;;;;;;;;;;;;;
906928841;;8424VD-2;EMB-008;1;;;;;;;;;;;;;;;;;;;;;;;;;;;
891944746;;434-2;EMB-008;1;;;;;;;;;;;;;;;;;;;;;;;;;;;
-;;8434;EMB-008;1;;;;;;;;;;;;;;;;;;;;;;;;;;;
-;;8434A;EMB-008;1;;;;;;;;;;;;;;;;;;;;;;;;;;;
-;;8434VM;EMB-008;1;;;;;;;;;;;;;;;;;;;;;;;;;;;
-;;8434-2;EMB-008;1;;;;;;;;;;;;;;;;;;;;;;;;;;;
-;;8434A-2;EMB-008;1;;;;;;;;;;;;;;;;;;;;;;;;;;;
-;;8434VM-2;EMB-008;1;;;;;;;;;;;;;;;;;;;;;;;;;;;
-;;126124123100A;EMB-014;1;;;;;;;;;;;;;;;;;;;;;;;;;;;
-;;126124123100B;EMB-014;1;;;;;;;;;;;;;;;;;;;;;;;;;;;
-;;126124123100C;EMB-014;1;;;;;;;;;;;;;;;;;;;;;;;;;;;
891951787;;126124123100VM;EMB-014;1;;;;;;;;;;;;;;;;;;;;;;;;;;;
891951742;;126124123100R;EMB-014;1;;;;;;;;;;;;;;;;;;;;;;;;;;;
891951750;;126124123100VD;EMB-014;1;;;;;;;;;;;;;;;;;;;;;;;;;;;
891951780;;126124123100T;EMB-014;1;;;;;;;;;;;;;;;;;;;;;;;;;;;
891947585;;126B;EMB-008;1;;;;;;;;;;;;;;;;;;;;;;;;;;;
891941470;;126C;EMB-008;1;;;;;;;;;;;;;;;;;;;;;;;;;;;
891941406;;126R;EMB-008;1;;;;;;;;;;;;;;;;;;;;;;;;;;;
891941430;;126VD;EMB-008;1;;;;;;;;;;;;;;;;;;;;;;;;;;;
891941451;;126A;EMB-008;1;;;;;;;;;;;;;;;;;;;;;;;;;;;
891941545;;126VM;EMB-008;1;;;;;;;;;;;;;;;;;;;;;;;;;;;
-;;126;EMB-008;1;;;;;;;;;;;;;;;;;;;;;;;;;;;
-;;126;EMB-008;1;;;;;;;;;;;;;;;;;;;;;;;;;;;
-;;1126;EMB-008;1;;;;;;;;;;;;;;;;;;;;;;;;;;;
891947465;;100VD;EMB-014;1;;;;;;;;;;;;;;;;;;;;;;;;;;;
-;;126B-2;EMB-008;1;;;;;;;;;;;;;;;;;;;;;;;;;;;
891947535;;100VM;EMB-014;1;;;;;;;;;;;;;;;;;;;;;;;;;;;
891947476;;100A;EMB-014;1;;;;;;;;;;;;;;;;;;;;;;;;;;;
891947506;;100B;EMB-014;1;;;;;;;;;;;;;;;;;;;;;;;;;;;
891947438;;100R;EMB-014;1;;;;;;;;;;;;;;;;;;;;;;;;;;;
-;;8126;EMB-008;1;;;;;;;;;;;;;;;;;;;;;;;;;;;
891947497;;100C;EMB-014;1;;;;;;;;;;;;;;;;;;;;;;;;;;;
-;;100;EMB-014;1;;;;;;;;;;;;;;;;;;;;;;;;;;;
-;;1100;EMB-014;1;;;;;;;;;;;;;;;;;;;;;;;;;;;
891947905;;122C;EMB-014;1;;;;;;;;;;;;;;;;;;;;;;;;;;;
891947921;;122VM;EMB-014;1;;;;;;;;;;;;;;;;;;;;;;;;;;;
891947962;;122R;EMB-014;1;;;;;;;;;;;;;;;;;;;;;;;;;;;
891947888;;122A;EMB-014;1;;;;;;;;;;;;;;;;;;;;;;;;;;;
891947938;;122B;EMB-014;1;;;;;;;;;;;;;;;;;;;;;;;;;;;
891947979;;122VD;EMB-014;1;;;;;;;;;;;;;;;;;;;;;;;;;;;
-;;122;EMB-014;1;;;;;;;;;;;;;;;;;;;;;;;;;;;
-;;122;EMB-014;1;;;;;;;;;;;;;;;;;;;;;;;;;;;
-;;1122;EMB-014;1;;;;;;;;;;;;;;;;;;;;;;;;;;;
-;;100B-2;EMB-014;1;;;;;;;;;;;;;;;;;;;;;;;;;;;
891947815;;121A;EMB-014;1;;;;;;;;;;;;;;;;;;;;;;;;;;;
891947737;;121B;EMB-014;1;;;;;;;;;;;;;;;;;;;;;;;;;;;
891947696;;121C;EMB-014;1;;;;;;;;;;;;;;;;;;;;;;;;;;;
-;;8100;EMB-014;1;;;;;;;;;;;;;;;;;;;;;;;;;;;
891947781;;121R;EMB-014;1;;;;;;;;;;;;;;;;;;;;;;;;;;;
891947797;;121VD;EMB-014;1;;;;;;;;;;;;;;;;;;;;;;;;;;;
891947719;;121VM;EMB-014;1;;;;;;;;;;;;;;;;;;;;;;;;;;;
-;;121;EMB-014;1;;;;;;;;;;;;;;;;;;;;;;;;;;;
-;;1121;EMB-014;1;;;;;;;;;;;;;;;;;;;;;;;;;;;
891941698;;124A;EMB-014;1;;;;;;;;;;;;;;;;;;;;;;;;;;;
891941495;;124B;EMB-014;1;;;;;;;;;;;;;;;;;;;;;;;;;;;
891941748;;124C;EMB-014;1;;;;;;;;;;;;;;;;;;;;;;;;;;;
891941635;;124R;EMB-014;1;;;;;;;;;;;;;;;;;;;;;;;;;;;
891941664;;124VD;EMB-014;1;;;;;;;;;;;;;;;;;;;;;;;;;;;
-;;8122;EMB-007;1;;;;;;;;;;;;;;;;;;;;;;;;;;;
891941808;;124VM;EMB-014;1;;;;;;;;;;;;;;;;;;;;;;;;;;;
-;;124;EMB-014;1;;;;;;;;;;;;;;;;;;;;;;;;;;;
-;;1124;EMB-014;1;;;;;;;;;;;;;;;;;;;;;;;;;;;
891951426;;123A;EMB-014;1;;;;;;;;;;;;;;;;;;;;;;;;;;;
891951467;;123B;EMB-014;1;;;;;;;;;;;;;;;;;;;;;;;;;;;
891951447;;123C;EMB-014;1;;;;;;;;;;;;;;;;;;;;;;;;;;;
891951372;;123R;EMB-014;1;;;;;;;;;;;;;;;;;;;;;;;;;;;
891951392;;123VD;EMB-014;1;;;;;;;;;;;;;;;;;;;;;;;;;;;
-;;121-2;EMB-007;1;;;;;;;;;;;;;;;;;;;;;;;;;;;
-;;121-3;EMB-007;1;;;;;;;;;;;;;;;;;;;;;;;;;;;
-;;8121;EMB-007;1;;;;;;;;;;;;;;;;;;;;;;;;;;;
891951523;;123VM;EMB-014;1;;;;;;;;;;;;;;;;;;;;;;;;;;;
-;;127;EMB-007;1;;;;;;;;;;;;;;;;;;;;;;;;;;;
-;;8127;EMB-007;1;;;;;;;;;;;;;;;;;;;;;;;;;;;
-;;1127;EMB-007;1;;;;;;;;;;;;;;;;;;;;;;;;;;;
-;;123;EMB-014;1;;;;;;;;;;;;;;;;;;;;;;;;;;;
-;;1123;EMB-014;1;;;;;;;;;;;;;;;;;;;;;;;;;;;
891941368;;126-2;EMB-016;1;;;;;;;;;;;;;;;;;;;;;;;;;;;
891941415;;126R-2;EMB-016;1;;;;;;;;;;;;;;;;;;;;;;;;;;;
891941560;;126VM-2;EMB-016;1;;;;;;;;;;;;;;;;;;;;;;;;;;;
891941483;;126C-2;EMB-016;1;;;;;;;;;;;;;;;;;;;;;;;;;;;
891941443;;126VD-2;EMB-016;1;;;;;;;;;;;;;;;;;;;;;;;;;;;
891941463;;126A-2;EMB-016;1;;;;;;;;;;;;;;;;;;;;;;;;;;;
891941534;;1126-2;EMB-016;1;;;;;;;;;;;;;;;;;;;;;;;;;;;
-;;124A-2;EMB-007;1;;;;;;;;;;;;;;;;;;;;;;;;;;;
-;;124B-2;EMB-007;1;;;;;;;;;;;;;;;;;;;;;;;;;;;
891951537;;100-2;EMB-014;1;;;;;;;;;;;;;;;;;;;;;;;;;;;
891951716;;100VM-2;EMB-014;1;;;;;;;;;;;;;;;;;;;;;;;;;;;
891951569;;100A-2;EMB-014;1;;;;;;;;;;;;;;;;;;;;;;;;;;;
-;;8124;EMB-007;1;;;;;;;;;;;;;;;;;;;;;;;;;;;
891951575;;100C-2;EMB-014;1;;;;;;;;;;;;;;;;;;;;;;;;;;;
891951563;;100VD-2;EMB-014;1;;;;;;;;;;;;;;;;;;;;;;;;;;;
-;;125;EMB-016;1;;;;;;;;;;;;;;;;;;;;;;;;;;;
-;;1125;EMB-016;1;;;;;;;;;;;;;;;;;;;;;;;;;;;
-;;8125;EMB-016;1;;;;;;;;;;;;;;;;;;;;;;;;;;;
891951557;;100R-2;EMB-014;1;;;;;;;;;;;;;;;;;;;;;;;;;;;
891951599;;1100-2;EMB-014;1;;;;;;;;;;;;;;;;;;;;;;;;;;;
891941685;;124VD-2;EMB-016;1;;;;;;;;;;;;;;;;;;;;;;;;;;;
891941586;;124-2;EMB-016;1;;;;;;;;;;;;;;;;;;;;;;;;;;;
891941762;;124C-2;EMB-016;1;;;;;;;;;;;;;;;;;;;;;;;;;;;
891941656;;124R-2;EMB-016;1;;;;;;;;;;;;;;;;;;;;;;;;;;;
891941832;;124VM-2;EMB-016;1;;;;;;;;;;;;;;;;;;;;;;;;;;;
891941801;;1124-2;EMB-016;1;;;;;;;;;;;;;;;;;;;;;;;;;;;
-;;123A-2;EMB-016;1;;;;;;;;;;;;;;;;;;;;;;;;;;;
-;;123B-2;EMB-016;1;;;;;;;;;;;;;;;;;;;;;;;;;;;
891951332;;123-2;EMB-016;1;;;;;;;;;;;;;;;;;;;;;;;;;;;
891951464;;123C-2;EMB-016;1;;;;;;;;;;;;;;;;;;;;;;;;;;;
891951389;;123R-2;EMB-016;1;;;;;;;;;;;;;;;;;;;;;;;;;;;
891951531;;123VM-2;EMB-016;1;;;;;;;;;;;;;;;;;;;;;;;;;;;
-;;8123;EMB-016;1;;;;;;;;;;;;;;;;;;;;;;;;;;;
891951413;;123VD-2;EMB-016;1;;;;;;;;;;;;;;;;;;;;;;;;;;;
891951510;;1123-2;EMB-016;1;;;;;;;;;;;;;;;;;;;;;;;;;;;
-;;5122;EMB-007;1;;;;;;;;;;;;;;;;;;;;;;;;;;;
-;;5121;EMB-007;1;;;;;;;;;;;;;;;;;;;;;;;;;;;
-;;665;EMB-007;1;;;;;;;;;;;;;;;;;;;;;;;;;;;
-;;8665;EMB-007;1;;;;;;;;;;;;;;;;;;;;;;;;;;;
-;;358;EMB-007;1;;;;;;;;;;;;;;;;;;;;;;;;;;;
-;;8358;EMB-007;1;;;;;;;;;;;;;;;;;;;;;;;;;;;
-;;359;EMB-007;1;;;;;;;;;;;;;;;;;;;;;;;;;;;
-;;8359;EMB-007;1;;;;;;;;;;;;;;;;;;;;;;;;;;;
-;;315;EMB-007;1;;;;;;;;;;;;;;;;;;;;;;;;;;;
-;;8315;EMB-007;1;;;;;;;;;;;;;;;;;;;;;;;;;;;
-;;61;EMB-007;1;;;;;;;;;;;;;;;;;;;;;;;;;;;
-;;8061;EMB-007;1;;;;;;;;;;;;;;;;;;;;;;;;;;;
-;;658;EMB-007;1;;;;;;;;;;;;;;;;;;;;;;;;;;;
-;;659;EMB-007;1;;;;;;;;;;;;;;;;;;;;;;;;;;;
-;;615;EMB-007;1;;;;;;;;;;;;;;;;;;;;;;;;;;;
-;;8615;EMB-007;1;;;;;;;;;;;;;;;;;;;;;;;;;;;
-;;60;EMB-007;1;;;;;;;;;;;;;;;;;;;;;;;;;;;
-;;8060;EMB-007;1;;;;;;;;;;;;;;;;;;;;;;;;;;;
-;;8659;EMB-007;1;;;;;;;;;;;;;;;;;;;;;;;;;;;
-;;660;EMB-007;1;;;;;;;;;;;;;;;;;;;;;;;;;;;
-;;8658;EMB-007;1;;;;;;;;;;;;;;;;;;;;;;;;;;;
-;;8660;EMB-007;1;;;;;;;;;;;;;;;;;;;;;;;;;;;
-;;429;EMB-007;1;;;;;;;;;;;;;;;;;;;;;;;;;;;
-;;8429;EMB-007;1;;;;;;;;;;;;;;;;;;;;;;;;;;;
-;;958;EMB-007;1;;;;;;;;;;;;;;;;;;;;;;;;;;;
-;;8958;EMB-007;1;;;;;;;;;;;;;;;;;;;;;;;;;;;
-;;959;EMB-007;1;;;;;;;;;;;;;;;;;;;;;;;;;;;
-;;8959;EMB-007;1;;;;;;;;;;;;;;;;;;;;;;;;;;;
-;;436;EMB-007;1;;;;;;;;;;;;;;;;;;;;;;;;;;;
-;;8436;EMB-007;1;;;;;;;;;;;;;;;;;;;;;;;;;;;
-;;1436;EMB-007;1;;;;;;;;;;;;;;;;;;;;;;;;;;;
-;;8915;EMB-007;1;;;;;;;;;;;;;;;;;;;;;;;;;;;
-;;1915;EMB-007;1;;;;;;;;;;;;;;;;;;;;;;;;;;;
-;;915;EMB-007;1;;;;;;;;;;;;;;;;;;;;;;;;;;;
-;;1439;EMB-007;1;;;;;;;;;;;;;;;;;;;;;;;;;;;
-;;439;EMB-007;1;;;;;;;;;;;;;;;;;;;;;;;;;;;
-;;8439;EMB-007;1;;;;;;;;;;;;;;;;;;;;;;;;;;;
-;;437;EMB-008;1;;;;;;;;;;;;;;;;;;;;;;;;;;;
938741300;;437C;EMB-008;1;;;;;;;;;;;;;;;;;;;;;;;;;;;
938741306;;437VD;EMB-008;1;;;;;;;;;;;;;;;;;;;;;;;;;;;
938741303;;437VM;EMB-008;1;;;;;;;;;;;;;;;;;;;;;;;;;;;
938741309;;437R;EMB-008;1;;;;;;;;;;;;;;;;;;;;;;;;;;;
-;;8437;EMB-008;1;;;;;;;;;;;;;;;;;;;;;;;;;;;
938741315;;8437C;EMB-008;1;;;;;;;;;;;;;;;;;;;;;;;;;;;
938741321;;8437VD;EMB-008;1;;;;;;;;;;;;;;;;;;;;;;;;;;;
938741318;;8437VM;EMB-008;1;;;;;;;;;;;;;;;;;;;;;;;;;;;
938741324;;8437R;EMB-008;1;;;;;;;;;;;;;;;;;;;;;;;;;;;
-;;1437;EMB-008;1;;;;;;;;;;;;;;;;;;;;;;;;;;;
-;;8186;EMB-007;1;;;;;;;;;;;;;;;;;;;;;;;;;;;
-;;8390;EMB-007;1;;;;;;;;;;;;;;;;;;;;;;;;;;;
-;;390;EMB-007;1;;;;;;;;;;;;;;;;;;;;;;;;;;;
-;;8957;EMB-007;1;;;;;;;;;;;;;;;;;;;;;;;;;;;
-;;957;EMB-007;1;;;;;;;;;;;;;;;;;;;;;;;;;;;
-;;8690;EMB-007;1;;;;;;;;;;;;;;;;;;;;;;;;;;;
-;;690;EMB-007;1;;;;;;;;;;;;;;;;;;;;;;;;;;;
-;;8952;EMB-007;1;;;;;;;;;;;;;;;;;;;;;;;;;;;
-;;1052;EMB-014;1;;;;;;;;;;;;;;;;;;;;;;;;;;;
-;;8990;EMB-007;1;;;;;;;;;;;;;;;;;;;;;;;;;;;
-;;990;EMB-007;1;;;;;;;;;;;;;;;;;;;;;;;;;;;
-;;8956;EMB-007;1;;;;;;;;;;;;;;;;;;;;;;;;;;;
-;;956;EMB-007;1;;;;;;;;;;;;;;;;;;;;;;;;;;;
-;;186;EMB-007;1;;;;;;;;;;;;;;;;;;;;;;;;;;;
-;;94;EMB-007;1;;;;;;;;;;;;;;;;;;;;;;;;;;;
-;;95;EMB-007;1;;;;;;;;;;;;;;;;;;;;;;;;;;;
-;;73;EMB-007;1;;;;;;;;;;;;;;;;;;;;;;;;;;;
-;;74;EMB-007;1;;;;;;;;;;;;;;;;;;;;;;;;;;;
-;;93;EMB-007;1;;;;;;;;;;;;;;;;;;;;;;;;;;;
-;;71;EMB-007;1;;;;;;;;;;;;;;;;;;;;;;;;;;;
-;;BR0003-CR;EMB-009;1;;;;;;;;;;;;;;;;;;;;;;;;;;;
-;;5424;EMB-009;1;;;;;;;;;;;;;;;;;;;;;;;;;;;
-;;424;EMB-009;1;;;;;;;;;;;;;;;;;;;;;;;;;;;
913279684;;424VD;EMB-009;1;;;;;;;;;;;;;;;;;;;;;;;;;;;
913279681;;424R;EMB-009;1;;;;;;;;;;;;;;;;;;;;;;;;;;;
913279675;;424C;EMB-009;1;;;;;;;;;;;;;;;;;;;;;;;;;;;
913279678;;424VM;EMB-009;1;;;;;;;;;;;;;;;;;;;;;;;;;;;
-;;45A;EMB-025;1;;;;;;;;;;;;;;;;;;;;;;;;;;;
-;;45B;EMB-025;1;;;;;;;;;;;;;;;;;;;;;;;;;;;
891947378;;45C;EMB-025;1;;;;;;;;;;;;;;;;;;;;;;;;;;;
891947397;;45R;EMB-025;1;;;;;;;;;;;;;;;;;;;;;;;;;;;
891947411;;45VD;EMB-025;1;;;;;;;;;;;;;;;;;;;;;;;;;;;
891947391;;45VM;EMB-025;1;;;;;;;;;;;;;;;;;;;;;;;;;;;
-;;5045;EMB-025;1;;;;;;;;;;;;;;;;;;;;;;;;;;;
-;;2356;EMB-014;1;;;;;;;;;;;;;;;;;;;;;;;;;;;
-;;2326;EMB-014;1;;;;;;;;;;;;;;;;;;;;;;;;;;;
-;;2357;EMB-005;1;;;;;;;;;;;;;;;;;;;;;;;;;;;
-;;2359;EMB-005;1;;;;;;;;;;;;;;;;;;;;;;;;;;;
-;;2353;EMB-005;1;;;;;;;;;;;;;;;;;;;;;;;;;;;
-;;2355;EMB-005;1;;;;;;;;;;;;;;;;;;;;;;;;;;;
-;;2361;EMB-005;1;;;;;;;;;;;;;;;;;;;;;;;;;;;
-;;256;EMB-005;1;;;;;;;;;;;;;;;;;;;;;;;;;;;
-;;555;EMB-005;1;;;;;;;;;;;;;;;;;;;;;;;;;;;
-;;254;EMB-005;1;;;;;;;;;;;;;;;;;;;;;;;;;;;
-;;255;EMB-005;1;;;;;;;;;;;;;;;;;;;;;;;;;;;
-;;2358;EMB-014;1;;;;;;;;;;;;;;;;;;;;;;;;;;;
-;;2358;EMB-014;1;;;;;;;;;;;;;;;;;;;;;;;;;;;
-;;2327;EMB-005;1;;;;;;;;;;;;;;;;;;;;;;;;;;;
-;;2329;EMB-005;1;;;;;;;;;;;;;;;;;;;;;;;;;;;
-;;2323;EMB-005;1;;;;;;;;;;;;;;;;;;;;;;;;;;;
-;;2325;EMB-005;1;;;;;;;;;;;;;;;;;;;;;;;;;;;
-;;2331;EMB-005;1;;;;;;;;;;;;;;;;;;;;;;;;;;;
-;;2328;EMB-014;1;;;;;;;;;;;;;;;;;;;;;;;;;;;
-;;2352;EMB-014;1;;;;;;;;;;;;;;;;;;;;;;;;;;;
-;;2322;EMB-014;1;;;;;;;;;;;;;;;;;;;;;;;;;;;
-;;2354;EMB-014;1;;;;;;;;;;;;;;;;;;;;;;;;;;;
891945115;;25-456/55-56;EMB-005;1;;;;;;;;;;;;;;;;;;;;;;;;;;;
-;;556;EMB-005;1;;;;;;;;;;;;;;;;;;;;;;;;;;;
-;;2324;EMB-014;1;;;;;;;;;;;;;;;;;;;;;;;;;;;
-;;2360;EMB-014;1;;;;;;;;;;;;;;;;;;;;;;;;;;;
-;;2330;EMB-014;1;;;;;;;;;;;;;;;;;;;;;;;;;;;
891947190;;23-53555759;EMB-005;1;;;;;;;;;;;;;;;;;;;;;;;;;;;
895134488;;2357-2;EMB-005;1;;;;;;;;;;;;;;;;;;;;;;;;;;;
895122194;;2327-2;EMB-005;1;;;;;;;;;;;;;;;;;;;;;;;;;;;
891940826;;2323X;EMB-005;1;;;;;;;;;;;;;;;;;;;;;;;;;;;
895122196;;2329-2;EMB-005;1;;;;;;;;;;;;;;;;;;;;;;;;;;;
895122200;;2323-2;EMB-005;1;;;;;;;;;;;;;;;;;;;;;;;;;;;
895122192;;2325-2;EMB-005;1;;;;;;;;;;;;;;;;;;;;;;;;;;;
895122198;;2331-2;EMB-005;1;;;;;;;;;;;;;;;;;;;;;;;;;;;
896081620;;25-456/55-56-2;EMB-005;1;;;;;;;;;;;;;;;;;;;;;;;;;;;
896081628;;255-2;EMB-005;1;;;;;;;;;;;;;;;;;;;;;;;;;;;
896081633;;555-2;EMB-005;1;;;;;;;;;;;;;;;;;;;;;;;;;;;
896081631;;254-2;EMB-005;1;;;;;;;;;;;;;;;;;;;;;;;;;;;
896081626;;256-2;EMB-005;1;;;;;;;;;;;;;;;;;;;;;;;;;;;
895134490;;2359-2;EMB-005;1;;;;;;;;;;;;;;;;;;;;;;;;;;;
895134494;;2353-2;EMB-005;1;;;;;;;;;;;;;;;;;;;;;;;;;;;
895134486;;2355-2;EMB-005;1;;;;;;;;;;;;;;;;;;;;;;;;;;;
895134492;;2361-2;EMB-005;1;;;;;;;;;;;;;;;;;;;;;;;;;;;
-;;2356X-9;EMB-014;1;;;;;;;;;;;;;;;;;;;;;;;;;;;
-;;2356X-6;EMB-014;1;;;;;;;;;;;;;;;;;;;;;;;;;;;
896081635;;556-2;EMB-005;1;;;;;;;;;;;;;;;;;;;;;;;;;;;
895134480;;23-53555759-2;EMB-005;1;;;;;;;;;;;;;;;;;;;;;;;;;;;
891949491;;2357-3;EMB-021;1;;;;;;;;;;;;;;;;;;;;;;;;;;;
891941276;;2327-3;EMB-021;1;;;;;;;;;;;;;;;;;;;;;;;;;;;
891941175;;2323X-3;EMB-021;1;;;;;;;;;;;;;;;;;;;;;;;;;;;
891941300;;2329-3;EMB-021;1;;;;;;;;;;;;;;;;;;;;;;;;;;;
891941339;;2323-3;EMB-021;1;;;;;;;;;;;;;;;;;;;;;;;;;;;
891941265;;2325-3;EMB-021;1;;;;;;;;;;;;;;;;;;;;;;;;;;;
891941319;;2331-3;EMB-021;1;;;;;;;;;;;;;;;;;;;;;;;;;;;
891949652;;2326-3;EMB-014;1;;;;;;;;;;;;;;;;;;;;;;;;;;;
891949586;;2356X-3;EMB-014;1;;;;;;;;;;;;;;;;;;;;;;;;;;;
891950589;;255-3;EMB-005;1;;;;;;;;;;;;;;;;;;;;;;;;;;;
891950606;;555-3;EMB-005;1;;;;;;;;;;;;;;;;;;;;;;;;;;;
891950600;;256-3;EMB-005;1;;;;;;;;;;;;;;;;;;;;;;;;;;;
891949491;;2357-3;EMB-021;1;;;;;;;;;;;;;;;;;;;;;;;;;;;
891949540;;2359-3;EMB-021;1;;;;;;;;;;;;;;;;;;;;;;;;;;;
891949561;;2353-3;EMB-021;1;;;;;;;;;;;;;;;;;;;;;;;;;;;
891949467;;2355-3;EMB-021;1;;;;;;;;;;;;;;;;;;;;;;;;;;;
891949545;;2361-3;EMB-021;1;;;;;;;;;;;;;;;;;;;;;;;;;;;
891949672;;2328-3;EMB-014;1;;;;;;;;;;;;;;;;;;;;;;;;;;;
-;;23-2325272931;EMB-005;1;;;;;;;;;;;;;;;;;;;;;;;;;;;
891949712;;2322-3;EMB-014;1;;;;;;;;;;;;;;;;;;;;;;;;;;;
-;;23-2325272931-2;EMB-005;1;;;;;;;;;;;;;;;;;;;;;;;;;;;
891949616;;2324-3;EMB-014;1;;;;;;;;;;;;;;;;;;;;;;;;;;;
891949692;;2330-3;EMB-014;1;;;;;;;;;;;;;;;;;;;;;;;;;;;
891950595;;254-3;EMB-005;1;;;;;;;;;;;;;;;;;;;;;;;;;;;
891950613;;556-3;EMB-005;1;;;;;;;;;;;;;;;;;;;;;;;;;;;
891950015;;2356-3;EMB-014;1;;;;;;;;;;;;;;;;;;;;;;;;;;;
891950037;;2358-3;EMB-014;1;;;;;;;;;;;;;;;;;;;;;;;;;;;
891950134;;2352-3;EMB-014;1;;;;;;;;;;;;;;;;;;;;;;;;;;;
891949986;;2354-3;EMB-014;1;;;;;;;;;;;;;;;;;;;;;;;;;;;
891950066;;2360-3;EMB-014;1;;;;;;;;;;;;;;;;;;;;;;;;;;;
891949443;;23-5355575961;EMB-021;1;;;;;;;;;;;;;;;;;;;;;;;;;;;
895189206;;2327-4;EMB-021;1;;;;;;;;;;;;;;;;;;;;;;;;;;;
895189198;;2323X-4;EMB-021;1;;;;;;;;;;;;;;;;;;;;;;;;;;;
895189208;;2329-4;EMB-021;1;;;;;;;;;;;;;;;;;;;;;;;;;;;
895189212;;2323-4;EMB-021;1;;;;;;;;;;;;;;;;;;;;;;;;;;;
895189204;;2325-4;EMB-021;1;;;;;;;;;;;;;;;;;;;;;;;;;;;
895189210;;2331-4;EMB-021;1;;;;;;;;;;;;;;;;;;;;;;;;;;;
895911933;;555-4;EMB-021;1;;;;;;;;;;;;;;;;;;;;;;;;;;;
895911931;;254-4;EMB-021;1;;;;;;;;;;;;;;;;;;;;;;;;;;;
891950248;;2357-4;EMB-021;1;;;;;;;;;;;;;;;;;;;;;;;;;;;
891950279;;2359-4;EMB-021;1;;;;;;;;;;;;;;;;;;;;;;;;;;;
891950333;;2353-4;EMB-021;1;;;;;;;;;;;;;;;;;;;;;;;;;;;
891950220;;2355-4;EMB-021;1;;;;;;;;;;;;;;;;;;;;;;;;;;;
891950297;;2361-4;EMB-021;1;;;;;;;;;;;;;;;;;;;;;;;;;;;
895911933;;555-4;EMB-021;1;;;;;;;;;;;;;;;;;;;;;;;;;;;
895911929;;255-4;EMB-021;1;;;;;;;;;;;;;;;;;;;;;;;;;;;
895911927;;256-4;EMB-021;1;;;;;;;;;;;;;;;;;;;;;;;;;;;
895911935;;556-4;EMB-021;1;;;;;;;;;;;;;;;;;;;;;;;;;;;
891950181;;235X-4;EMB-021;1;;;;;;;;;;;;;;;;;;;;;;;;;;;
897426426;;2327-6;EMB-021;1;;;;;;;;;;;;;;;;;;;;;;;;;;;
897426418;;2323X-6;EMB-021;1;;;;;;;;;;;;;;;;;;;;;;;;;;;
897426428;;2329-6;EMB-021;1;;;;;;;;;;;;;;;;;;;;;;;;;;;
897426432;;2323-6;EMB-021;1;;;;;;;;;;;;;;;;;;;;;;;;;;;
897426424;;2325-6;EMB-021;1;;;;;;;;;;;;;;;;;;;;;;;;;;;
897426430;;2331-6;EMB-021;1;;;;;;;;;;;;;;;;;;;;;;;;;;;
891940626;;2357-6;EMB-021;1;;;;;;;;;;;;;;;;;;;;;;;;;;;
891940693;;2359-6;EMB-021;1;;;;;;;;;;;;;;;;;;;;;;;;;;;
891940799;;2353-6;EMB-021;1;;;;;;;;;;;;;;;;;;;;;;;;;;;
891940488;;2355-6;EMB-021;1;;;;;;;;;;;;;;;;;;;;;;;;;;;
891940741;;2361-6;EMB-021;1;;;;;;;;;;;;;;;;;;;;;;;;;;;
891940406;;235X-6;EMB-021;1;;;;;;;;;;;;;;;;;;;;;;;;;;;
919029800;;2327-8;EMB-121;1;;;;;;;;;;;;;;;;;;;;;;;;;;;
919029792;;2323X-8;EMB-121;1;;;;;;;;;;;;;;;;;;;;;;;;;;;
-;;23267-2;EMB-005;1;;;;;;;;;;;;;;;;;;;;;;;;;;;
919029802;;2329-8;EMB-121;1;;;;;;;;;;;;;;;;;;;;;;;;;;;
919029806;;2323-8;EMB-121;1;;;;;;;;;;;;;;;;;;;;;;;;;;;
919029798;;2325-8;EMB-121;1;;;;;;;;;;;;;;;;;;;;;;;;;;;
919029792;;2323X-8;EMB-121;1;;;;;;;;;;;;;;;;;;;;;;;;;;;
-;;235X-10;EMB-006;1;;;;;;;;;;;;;;;;;;;;;;;;;;;
919029804;;2331-8;EMB-121;1;;;;;;;;;;;;;;;;;;;;;;;;;;;
-;;8119;EMB-007;1;;;;;;;;;;;;;;;;;;;;;;;;;;;
-;;8119-4;EMB-007;1;;;;;;;;;;;;;;;;;;;;;;;;;;;
-;;8099;EMB-007;1;;;;;;;;;;;;;;;;;;;;;;;;;;;
-;;8120;EMB-008;1;;;;;;;;;;;;;;;;;;;;;;;;;;;
-;;119;EMB-007;1;;;;;;;;;;;;;;;;;;;;;;;;;;;
-;;99;EMB-007;1;;;;;;;;;;;;;;;;;;;;;;;;;;;
-;;120;EMB-007;1;;;;;;;;;;;;;;;;;;;;;;;;;;;
-;;276;EMB-009;1;;;;;;;;;;;;;;;;;;;;;;;;;;;
915378485;;PM-0276;EMB-009;1;;;;;;;;;;;;;;;;;;;;;;;;;;;
922556651;;PM-0276P;EMB-009;1;;;;;;;;;;;;;;;;;;;;;;;;;;;
922556654;;PM-0276A;EMB-009;1;;;;;;;;;;;;;;;;;;;;;;;;;;;
922556657;;PM-0276VM;EMB-009;1;;;;;;;;;;;;;;;;;;;;;;;;;;;
-;;7450;EMB-017;1;;;;;;;;;;;;;;;;;;;;;;;;;;;
-;;45012346;EMB-017;1;;;;;;;;;;;;;;;;;;;;;;;;;;;
-;;7460;EMB-017;1;;;;;;;;;;;;;;;;;;;;;;;;;;;
-;;452;EMB-017;1;;;;;;;;;;;;;;;;;;;;;;;;;;;
-;;454;EMB-017;1;;;;;;;;;;;;;;;;;;;;;;;;;;;
-;;453;EMB-017;1;;;;;;;;;;;;;;;;;;;;;;;;;;;
-;;450;EMB-013;1;;;;;;;;;;;;;;;;;;;;;;;;;;;
-;;455;EMB-013;1;;;;;;;;;;;;;;;;;;;;;;;;;;;
-;;451;EMB-017;1;;;;;;;;;;;;;;;;;;;;;;;;;;;
921837601;;464-V1;EMB-017;1;;;;;;;;;;;;;;;;;;;;;;;;;;;
-;;464;EMB-017;1;;;;;;;;;;;;;;;;;;;;;;;;;;;
924727360;;RA-469;EMB-017;1;;;;;;;;;;;;;;;;;;;;;;;;;;;
935283088;;RA-469R-2;EMB-017;1;;;;;;;;;;;;;;;;;;;;;;;;;;;
891952862;;464-2;EMB-017;1;;;;;;;;;;;;;;;;;;;;;;;;;;;
-;;86;EMB-016;1;;;;;;;;;;;;;;;;;;;;;;;;;;;
-;;87;EMB-016;1;;;;;;;;;;;;;;;;;;;;;;;;;;;
-;;8086;EMB-016;1;;;;;;;;;;;;;;;;;;;;;;;;;;;
-;;8087;EMB-016;1;;;;;;;;;;;;;;;;;;;;;;;;;;;
-;;427;EMB-016;1;;;;;;;;;;;;;;;;;;;;;;;;;;;
-;;426;EMB-016;1;;;;;;;;;;;;;;;;;;;;;;;;;;;
-;;175;EMB-016;1;;;;;;;;;;;;;;;;;;;;;;;;;;;
915566164;;0175A;EMB-016;1;;;;;;;;;;;;;;;;;;;;;;;;;;;
915566170;;0175VN;EMB-016;1;;;;;;;;;;;;;;;;;;;;;;;;;;;
915566167;;0175VD;EMB-016;1;;;;;;;;;;;;;;;;;;;;;;;;;;;
-;;8039;EMB-016;1;;;;;;;;;;;;;;;;;;;;;;;;;;;
-;;39;EMB-016;1;;;;;;;;;;;;;;;;;;;;;;;;;;;
-;;85;EMB-016;1;;;;;;;;;;;;;;;;;;;;;;;;;;;
891944907;;85A;EMB-016;1;;;;;;;;;;;;;;;;;;;;;;;;;;;
891944882;;85C;EMB-016;1;;;;;;;;;;;;;;;;;;;;;;;;;;;
891944874;;85R;EMB-016;1;;;;;;;;;;;;;;;;;;;;;;;;;;;
891944896;;85VD;EMB-016;1;;;;;;;;;;;;;;;;;;;;;;;;;;;
891944931;;85VM;EMB-016;1;;;;;;;;;;;;;;;;;;;;;;;;;;;
-;;85;EMB-016;1;;;;;;;;;;;;;;;;;;;;;;;;;;;
-;;85;EMB-016;1;;;;;;;;;;;;;;;;;;;;;;;;;;;
-;;85;EMB-016;1;;;;;;;;;;;;;;;;;;;;;;;;;;;
-;;85;EMB-016;1;;;;;;;;;;;;;;;;;;;;;;;;;;;
-;;8085;EMB-016;1;;;;;;;;;;;;;;;;;;;;;;;;;;;
891944866;;8085C;EMB-016;1;;;;;;;;;;;;;;;;;;;;;;;;;;;
891944855;;8085R;EMB-016;1;;;;;;;;;;;;;;;;;;;;;;;;;;;
891944888;;8085A;EMB-016;1;;;;;;;;;;;;;;;;;;;;;;;;;;;
891944922;;8085VD;EMB-016;1;;;;;;;;;;;;;;;;;;;;;;;;;;;
891944938;;8085VM;EMB-016;1;;;;;;;;;;;;;;;;;;;;;;;;;;;
-;;8085;EMB-016;1;;;;;;;;;;;;;;;;;;;;;;;;;;;
-;;8085;EMB-016;1;;;;;;;;;;;;;;;;;;;;;;;;;;;
-;;8085;EMB-016;1;;;;;;;;;;;;;;;;;;;;;;;;;;;
-;;8035;EMB-016;1;;;;;;;;;;;;;;;;;;;;;;;;;;;
-;;35;EMB-016;1;;;;;;;;;;;;;;;;;;;;;;;;;;;
-;;8025;EMB-016;1;;;;;;;;;;;;;;;;;;;;;;;;;;;
-;;25;EMB-016;1;;;;;;;;;;;;;;;;;;;;;;;;;;;
-;;8040;EMB-007;1;;;;;;;;;;;;;;;;;;;;;;;;;;;
-;;8140;EMB-007;1;;;;;;;;;;;;;;;;;;;;;;;;;;;
-;;1140;EMB-007;1;;;;;;;;;;;;;;;;;;;;;;;;;;;
-;;9040;EMB-007;1;;;;;;;;;;;;;;;;;;;;;;;;;;;
912395622;;8040VD;EMB-008;1;;;;;;;;;;;;;;;;;;;;;;;;;;;
912395625;;8040R;EMB-008;1;;;;;;;;;;;;;;;;;;;;;;;;;;;
912395619;;8040C;EMB-008;1;;;;;;;;;;;;;;;;;;;;;;;;;;;
-;;4040;EMB-008;1;;;;;;;;;;;;;;;;;;;;;;;;;;;
-;;5140;EMB-008;1;;;;;;;;;;;;;;;;;;;;;;;;;;;
-;;5040;EMB-008;1;;;;;;;;;;;;;;;;;;;;;;;;;;;
-;;400;EMB-007;1;;;;;;;;;;;;;;;;;;;;;;;;;;;
-;;227;EMB-007;1;;;;;;;;;;;;;;;;;;;;;;;;;;;
915378447;;PM-0093;EMB-008;1;;;;;;;;;;;;;;;;;;;;;;;;;;;
923491683;;PM-0093P;EMB-008;1;;;;;;;;;;;;;;;;;;;;;;;;;;;
923491686;;PM-0093A;EMB-008;1;;;;;;;;;;;;;;;;;;;;;;;;;;;
923491689;;PM-0093VM;EMB-008;1;;;;;;;;;;;;;;;;;;;;;;;;;;;
-;;38;EMB-008;1;;;;;;;;;;;;;;;;;;;;;;;;;;;
-;;3240;EMB-012;1;;;;;;;;;;;;;;;;;;;;;;;;;;;
-;;8240;EMB-012;1;;;;;;;;;;;;;;;;;;;;;;;;;;;
-;;4240;EMB-012;1;;;;;;;;;;;;;;;;;;;;;;;;;;;
-;;5240;EMB-012;1;;;;;;;;;;;;;;;;;;;;;;;;;;;
-;;264;EMB-012;1;;;;;;;;;;;;;;;;;;;;;;;;;;;
-;;5019;EMB-012;1;;;;;;;;;;;;;;;;;;;;;;;;;;;
-;;3019;EMB-012;1;;;;;;;;;;;;;;;;;;;;;;;;;;;
-;;8019;EMB-012;1;;;;;;;;;;;;;;;;;;;;;;;;;;;
-;;4019;EMB-012;1;;;;;;;;;;;;;;;;;;;;;;;;;;;
-;;166;EMB-012;1;;;;;;;;;;;;;;;;;;;;;;;;;;;
-;;8166;EMB-012;1;;;;;;;;;;;;;;;;;;;;;;;;;;;
-;;4166;EMB-012;1;;;;;;;;;;;;;;;;;;;;;;;;;;;
-;;5166;EMB-012;1;;;;;;;;;;;;;;;;;;;;;;;;;;;
-;;263;EMB-012;1;;;;;;;;;;;;;;;;;;;;;;;;;;;
-;;8253;EMB-012;1;;;;;;;;;;;;;;;;;;;;;;;;;;;
-;;253;EMB-012;1;;;;;;;;;;;;;;;;;;;;;;;;;;;
-;;4253;EMB-012;1;;;;;;;;;;;;;;;;;;;;;;;;;;;
-;;5263;EMB-012;1;;;;;;;;;;;;;;;;;;;;;;;;;;;
-;;5253;EMB-012;1;;;;;;;;;;;;;;;;;;;;;;;;;;;
-;;5010;EMB-012;1;;;;;;;;;;;;;;;;;;;;;;;;;;;
-;;5007;EMB-012;1;;;;;;;;;;;;;;;;;;;;;;;;;;;
-;;5006;EMB-012;1;;;;;;;;;;;;;;;;;;;;;;;;;;;
-;;5167;EMB-012;1;;;;;;;;;;;;;;;;;;;;;;;;;;;
-;;167;EMB-012;1;;;;;;;;;;;;;;;;;;;;;;;;;;;
891944631;;167VM;EMB-012;1;;;;;;;;;;;;;;;;;;;;;;;;;;;
891944621;;167C;EMB-012;1;;;;;;;;;;;;;;;;;;;;;;;;;;;
891944606;;167VD;EMB-012;1;;;;;;;;;;;;;;;;;;;;;;;;;;;
891944585;;167A;EMB-012;1;;;;;;;;;;;;;;;;;;;;;;;;;;;
891944595;;167R;EMB-012;1;;;;;;;;;;;;;;;;;;;;;;;;;;;
-;;8167;EMB-012;1;;;;;;;;;;;;;;;;;;;;;;;;;;;
-;;7001;EMB-012;1;;;;;;;;;;;;;;;;;;;;;;;;;;;
-;;8001;EMB-012;1;;;;;;;;;;;;;;;;;;;;;;;;;;;
-;;5001;EMB-012;1;;;;;;;;;;;;;;;;;;;;;;;;;;;
-;;4167;EMB-012;1;;;;;;;;;;;;;;;;;;;;;;;;;;;
-;;168;EMB-012;1;;;;;;;;;;;;;;;;;;;;;;;;;;;
-;;8168;EMB-012;1;;;;;;;;;;;;;;;;;;;;;;;;;;;
-;;4168;EMB-012;1;;;;;;;;;;;;;;;;;;;;;;;;;;;
-;;7002;EMB-012;1;;;;;;;;;;;;;;;;;;;;;;;;;;;
-;;8002;EMB-012;1;;;;;;;;;;;;;;;;;;;;;;;;;;;
-;;5002;EMB-012;1;;;;;;;;;;;;;;;;;;;;;;;;;;;
-;;5168;EMB-012;1;;;;;;;;;;;;;;;;;;;;;;;;;;;
-;;24;EMB-012;1;;;;;;;;;;;;;;;;;;;;;;;;;;;
-;;7000;EMB-012;1;;;;;;;;;;;;;;;;;;;;;;;;;;;
-;;7009;EMB-012;1;;;;;;;;;;;;;;;;;;;;;;;;;;;
-;;8000;EMB-012;1;;;;;;;;;;;;;;;;;;;;;;;;;;;
-;;8009;EMB-012;1;;;;;;;;;;;;;;;;;;;;;;;;;;;
-;;5000;EMB-012;1;;;;;;;;;;;;;;;;;;;;;;;;;;;
-;;5009;EMB-012;1;;;;;;;;;;;;;;;;;;;;;;;;;;;
-;;8024;EMB-012;1;;;;;;;;;;;;;;;;;;;;;;;;;;;
-;;4024;EMB-012;1;;;;;;;;;;;;;;;;;;;;;;;;;;;
-;;5024;EMB-012;1;;;;;;;;;;;;;;;;;;;;;;;;;;;
-;;163;EMB-022;1;;;;;;;;;;;;;;;;;;;;;;;;;;;
-;;165;EMB-022;1;;;;;;;;;;;;;;;;;;;;;;;;;;;
-;;8161;EMB-022;1;;;;;;;;;;;;;;;;;;;;;;;;;;;
-;;162;EMB-022;1;;;;;;;;;;;;;;;;;;;;;;;;;;;
-;;161;EMB-022;1;;;;;;;;;;;;;;;;;;;;;;;;;;;
891944553;;161VM;EMB-022;1;;;;;;;;;;;;;;;;;;;;;;;;;;;
891944545;;161VD;EMB-022;1;;;;;;;;;;;;;;;;;;;;;;;;;;;
-;;164;EMB-022;1;;;;;;;;;;;;;;;;;;;;;;;;;;;
-;;290;EMB-023;1;;;;;;;;;;;;;;;;;;;;;;;;;;;
-;;290A;EMB-023;1;;;;;;;;;;;;;;;;;;;;;;;;;;;
891944462;;290C;EMB-023;1;;;;;;;;;;;;;;;;;;;;;;;;;;;
891944452;;290R;EMB-023;1;;;;;;;;;;;;;;;;;;;;;;;;;;;
891944416;;290VD;EMB-023;1;;;;;;;;;;;;;;;;;;;;;;;;;;;
891944476;;290VM;EMB-023;1;;;;;;;;;;;;;;;;;;;;;;;;;;;
938234300;;290C-2;EMB-023;2;;;;;;;;;;;;;;;;;;;;;;;;;;;
938234293;;290VD-2;EMB-023;2;;;;;;;;;;;;;;;;;;;;;;;;;;;
938234304;;290VM-2;EMB-023;2;;;;;;;;;;;;;;;;;;;;;;;;;;;
938234296;;290R-2;EMB-023;2;;;;;;;;;;;;;;;;;;;;;;;;;;;
-;;290-3;EMB-023;3;;;;;;;;;;;;;;;;;;;;;;;;;;;
-;;290-4;EMB-023;4;;;;;;;;;;;;;;;;;;;;;;;;;;;
-;;399;EMB-009;1;;;;;;;;;;;;;;;;;;;;;;;;;;;
930604070;;0399-1;EMB-009;1;;;;;;;;;;;;;;;;;;;;;;;;;;;
930604075;;0399-2;EMB-009;1;;;;;;;;;;;;;;;;;;;;;;;;;;;
930604080;;0399-3;EMB-009;1;;;;;;;;;;;;;;;;;;;;;;;;;;;
-;;8109;EMB-007;1;;;;;;;;;;;;;;;;;;;;;;;;;;;
-;;8102;EMB-007;1;;;;;;;;;;;;;;;;;;;;;;;;;;;
-;;8093;EMB-007;1;;;;;;;;;;;;;;;;;;;;;;;;;;;
-;;8116;EMB-007;1;;;;;;;;;;;;;;;;;;;;;;;;;;;
-;;8134;EMB-007;1;;;;;;;;;;;;;;;;;;;;;;;;;;;
-;;8142;EMB-007;1;;;;;;;;;;;;;;;;;;;;;;;;;;;
-;;8110;EMB-007;1;;;;;;;;;;;;;;;;;;;;;;;;;;;
-;;8103;EMB-007;1;;;;;;;;;;;;;;;;;;;;;;;;;;;
-;;8094;EMB-007;1;;;;;;;;;;;;;;;;;;;;;;;;;;;
-;;8117;EMB-007;1;;;;;;;;;;;;;;;;;;;;;;;;;;;
-;;8135;EMB-007;1;;;;;;;;;;;;;;;;;;;;;;;;;;;
-;;8143;EMB-007;1;;;;;;;;;;;;;;;;;;;;;;;;;;;
-;;8111;EMB-007;1;;;;;;;;;;;;;;;;;;;;;;;;;;;
-;;8104;EMB-007;1;;;;;;;;;;;;;;;;;;;;;;;;;;;
-;;8095;EMB-007;1;;;;;;;;;;;;;;;;;;;;;;;;;;;
-;;8128;EMB-007;1;;;;;;;;;;;;;;;;;;;;;;;;;;;
-;;8136;EMB-007;1;;;;;;;;;;;;;;;;;;;;;;;;;;;
-;;8144;EMB-007;1;;;;;;;;;;;;;;;;;;;;;;;;;;;
-;;8112;EMB-007;1;;;;;;;;;;;;;;;;;;;;;;;;;;;
-;;8105;EMB-007;1;;;;;;;;;;;;;;;;;;;;;;;;;;;
-;;8096;EMB-007;1;;;;;;;;;;;;;;;;;;;;;;;;;;;
-;;8130;EMB-007;1;;;;;;;;;;;;;;;;;;;;;;;;;;;
-;;8137;EMB-007;1;;;;;;;;;;;;;;;;;;;;;;;;;;;
-;;8145;EMB-007;1;;;;;;;;;;;;;;;;;;;;;;;;;;;
-;;8113;EMB-007;1;;;;;;;;;;;;;;;;;;;;;;;;;;;
-;;8106;EMB-007;1;;;;;;;;;;;;;;;;;;;;;;;;;;;
-;;8097;EMB-007;1;;;;;;;;;;;;;;;;;;;;;;;;;;;
-;;8131;EMB-007;1;;;;;;;;;;;;;;;;;;;;;;;;;;;
-;;8138;EMB-007;1;;;;;;;;;;;;;;;;;;;;;;;;;;;
-;;8146;EMB-007;1;;;;;;;;;;;;;;;;;;;;;;;;;;;
-;;8114;EMB-007;1;;;;;;;;;;;;;;;;;;;;;;;;;;;
-;;8107;EMB-007;1;;;;;;;;;;;;;;;;;;;;;;;;;;;
-;;8098;EMB-007;1;;;;;;;;;;;;;;;;;;;;;;;;;;;
-;;8132;EMB-007;1;;;;;;;;;;;;;;;;;;;;;;;;;;;
-;;8139;EMB-007;1;;;;;;;;;;;;;;;;;;;;;;;;;;;
-;;8149;EMB-007;1;;;;;;;;;;;;;;;;;;;;;;;;;;;
-;;8115;EMB-007;1;;;;;;;;;;;;;;;;;;;;;;;;;;;
-;;8108;EMB-007;1;;;;;;;;;;;;;;;;;;;;;;;;;;;
-;;8101;EMB-007;1;;;;;;;;;;;;;;;;;;;;;;;;;;;
-;;8133;EMB-007;1;;;;;;;;;;;;;;;;;;;;;;;;;;;
-;;8141;EMB-007;1;;;;;;;;;;;;;;;;;;;;;;;;;;;
-;;8150;EMB-007;1;;;;;;;;;;;;;;;;;;;;;;;;;;;
891949185;;8882B;EMB-007;1;;;;;;;;;;;;;;;;;;;;;;;;;;;
-;;8880;EMB-007;1;;;;;;;;;;;;;;;;;;;;;;;;;;;
891949234;;8880A;EMB-007;1;;;;;;;;;;;;;;;;;;;;;;;;;;;
891949219;;8880C;EMB-007;1;;;;;;;;;;;;;;;;;;;;;;;;;;;
891949201;;8880R;EMB-007;1;;;;;;;;;;;;;;;;;;;;;;;;;;;
891949249;;8880VD;EMB-007;1;;;;;;;;;;;;;;;;;;;;;;;;;;;
891949274;;8880VM;EMB-007;1;;;;;;;;;;;;;;;;;;;;;;;;;;;
-;;8881P;EMB-007;1;;;;;;;;;;;;;;;;;;;;;;;;;;;
-;;5881;EMB-007;1;;;;;;;;;;;;;;;;;;;;;;;;;;;
-;;16;EMB-008;1;;;;;;;;;;;;;;;;;;;;;;;;;;;
935240735;;16VM;EMB-008;1;;;;;;;;;;;;;;;;;;;;;;;;;;;
935240738;;16R;EMB-008;1;;;;;;;;;;;;;;;;;;;;;;;;;;;
935240732;;16C;EMB-008;1;;;;;;;;;;;;;;;;;;;;;;;;;;;
935240745;;16VD;EMB-008;1;;;;;;;;;;;;;;;;;;;;;;;;;;;
-;;6016;EMB-008;1;;;;;;;;;;;;;;;;;;;;;;;;;;;
-;;5016;EMB-008;1;;;;;;;;;;;;;;;;;;;;;;;;;;;
935277396;;16VM-2;EMB-008;1;;;;;;;;;;;;;;;;;;;;;;;;;;;
935277383;;16C-2;EMB-008;1;;;;;;;;;;;;;;;;;;;;;;;;;;;
935277419;;16R-2;EMB-008;1;;;;;;;;;;;;;;;;;;;;;;;;;;;
935277427;;16VD-2;EMB-008;1;;;;;;;;;;;;;;;;;;;;;;;;;;;
935277358;;6016-2;EMB-008;1;;;;;;;;;;;;;;;;;;;;;;;;;;;
935277373;;5016-2;EMB-008;1;;;;;;;;;;;;;;;;;;;;;;;;;;;
-;;133;EMB-007;1;;;;;;;;;;;;;;;;;;;;;;;;;;;
-;;132;EMB-007;1;;;;;;;;;;;;;;;;;;;;;;;;;;;
-;;131;EMB-007;1;;;;;;;;;;;;;;;;;;;;;;;;;;;
-;;130;EMB-007;1;;;;;;;;;;;;;;;;;;;;;;;;;;;
924030134;;PM-0174P;EMB-014;1;;;;;;;;;;;;;;;;;;;;;;;;;;;
924030138;;PM-0174VM;EMB-014;1;;;;;;;;;;;;;;;;;;;;;;;;;;;
924030141;;PM-0174A;EMB-014;1;;;;;;;;;;;;;;;;;;;;;;;;;;;
-;;129;EMB-014;1;;;;;;;;;;;;;;;;;;;;;;;;;;;
907043732;;129C;EMB-014;1;;;;;;;;;;;;;;;;;;;;;;;;;;;
896843901;;129P;EMB-014;1;;;;;;;;;;;;;;;;;;;;;;;;;;;
896843897;;129B;EMB-014;1;;;;;;;;;;;;;;;;;;;;;;;;;;;
896843891;;129A;EMB-014;1;;;;;;;;;;;;;;;;;;;;;;;;;;;
896843888;;129R;EMB-014;1;;;;;;;;;;;;;;;;;;;;;;;;;;;
896843885;;129VD;EMB-014;1;;;;;;;;;;;;;;;;;;;;;;;;;;;
896843894;;129VM;EMB-014;1;;;;;;;;;;;;;;;;;;;;;;;;;;;
932826706;;PM-0984A;EMB-008;1;;;;;;;;;;;;;;;;;;;;;;;;;;;
937300404;;PM-0984BG;EMB-008;1;;;;;;;;;;;;;;;;;;;;;;;;;;;
937300407;;PM-0984B;EMB-008;1;;;;;;;;;;;;;;;;;;;;;;;;;;;
932826698;;PM-0984P;EMB-008;1;;;;;;;;;;;;;;;;;;;;;;;;;;;
932826702;;PM-0984VM;EMB-008;1;;;;;;;;;;;;;;;;;;;;;;;;;;;
-;;29;EMB-024;1;;;;;;;;;;;;;;;;;;;;;;;;;;;
891944355;;29A;EMB-024;1;;;;;;;;;;;;;;;;;;;;;;;;;;;
891944347;;29C;EMB-024;1;;;;;;;;;;;;;;;;;;;;;;;;;;;
891944341;;29R;EMB-024;1;;;;;;;;;;;;;;;;;;;;;;;;;;;
891944364;;29VD;EMB-024;1;;;;;;;;;;;;;;;;;;;;;;;;;;;
891944370;;29VM;EMB-024;1;;;;;;;;;;;;;;;;;;;;;;;;;;;
-;;5029;EMB-024;1;;;;;;;;;;;;;;;;;;;;;;;;;;;
-;;238;EMB-009;1;;;;;;;;;;;;;;;;;;;;;;;;;;;
-;;233A;EMB-009;1;;;;;;;;;;;;;;;;;;;;;;;;;;;
-;;233;EMB-009;1;;;;;;;;;;;;;;;;;;;;;;;;;;;
891944020;;233C;EMB-009;1;;;;;;;;;;;;;;;;;;;;;;;;;;;
891944029;;233R;EMB-009;1;;;;;;;;;;;;;;;;;;;;;;;;;;;
891944055;;233VD;EMB-009;1;;;;;;;;;;;;;;;;;;;;;;;;;;;
891944041;;233VM;EMB-009;1;;;;;;;;;;;;;;;;;;;;;;;;;;;
-;;239;EMB-009;1;;;;;;;;;;;;;;;;;;;;;;;;;;;
891944101;;236A;EMB-009;1;;;;;;;;;;;;;;;;;;;;;;;;;;;
891944119;;236C;EMB-009;1;;;;;;;;;;;;;;;;;;;;;;;;;;;
891944110;;236R;EMB-009;1;;;;;;;;;;;;;;;;;;;;;;;;;;;
891944138;;236VD;EMB-009;1;;;;;;;;;;;;;;;;;;;;;;;;;;;
891944091;;236VM;EMB-009;1;;;;;;;;;;;;;;;;;;;;;;;;;;;
-;;5239;EMB-009;1;;;;;;;;;;;;;;;;;;;;;;;;;;;
-;;5236;EMB-009;1;;;;;;;;;;;;;;;;;;;;;;;;;;;
-;;PM-1022;EMB-009;1;;;;;;;;;;;;;;;;;;;;;;;;;;;
-;;5238;EMB-009;1;;;;;;;;;;;;;;;;;;;;;;;;;;;
-;;5233;EMB-009;1;;;;;;;;;;;;;;;;;;;;;;;;;;;
-;;412;EMB-014;1;;;;;;;;;;;;;;;;;;;;;;;;;;;
-;;1412;EMB-014;1;;;;;;;;;;;;;;;;;;;;;;;;;;;
-;;79;EMB-007;1;;;;;;;;;;;;;;;;;;;;;;;;;;;
-;;8079;EMB-007;1;;;;;;;;;;;;;;;;;;;;;;;;;;;
-;;29B;EMB-008;1;;;;;;;;;;;;;;;;;;;;;;;;;;;
916432569;;1025A;EMB-007;1;;;;;;;;;;;;;;;;;;;;;;;;;;;
916432575;;1025B;EMB-007;1;;;;;;;;;;;;;;;;;;;;;;;;;;;
916432572;;1025BG;EMB-007;1;;;;;;;;;;;;;;;;;;;;;;;;;;;
891944231;;77C;EMB-018;1;;;;;;;;;;;;;;;;;;;;;;;;;;;
891944237;;77R;EMB-018;1;;;;;;;;;;;;;;;;;;;;;;;;;;;
891944202;;77VD;EMB-018;1;;;;;;;;;;;;;;;;;;;;;;;;;;;
891944259;;77VM;EMB-018;1;;;;;;;;;;;;;;;;;;;;;;;;;;;
-;;78;EMB-018;1;;;;;;;;;;;;;;;;;;;;;;;;;;;
891944219;;8077C;EMB-018;1;;;;;;;;;;;;;;;;;;;;;;;;;;;
891944249;;8077R;EMB-018;1;;;;;;;;;;;;;;;;;;;;;;;;;;;
891944281;;8077VD;EMB-018;1;;;;;;;;;;;;;;;;;;;;;;;;;;;
891944212;;8077VM;EMB-018;1;;;;;;;;;;;;;;;;;;;;;;;;;;;
-;;8078;EMB-018;1;;;;;;;;;;;;;;;;;;;;;;;;;;;
938375774;;77C-2;EMB-018;2;;;;;;;;;;;;;;;;;;;;;;;;;;;
938375781;;77R-2;EMB-018;2;;;;;;;;;;;;;;;;;;;;;;;;;;;
938375784;;77VD-2;EMB-018;2;;;;;;;;;;;;;;;;;;;;;;;;;;;
938375777;;77VM-2;EMB-018;2;;;;;;;;;;;;;;;;;;;;;;;;;;;
938375758;;8077C-2;EMB-018;2;;;;;;;;;;;;;;;;;;;;;;;;;;;
938375768;;8077R-2;EMB-018;2;;;;;;;;;;;;;;;;;;;;;;;;;;;
938375771;;8077VD-2;EMB-018;2;;;;;;;;;;;;;;;;;;;;;;;;;;;
938375762;;8077VM-2;EMB-018;2;;;;;;;;;;;;;;;;;;;;;;;;;;;
-;;77C-3;EMB-009;1;;;;;;;;;;;;;;;;;;;;;;;;;;;
-;;931;EMB-007;1;;;;;;;;;;;;;;;;;;;;;;;;;;;
-;;8931;EMB-007;1;;;;;;;;;;;;;;;;;;;;;;;;;;;
-;;932;EMB-008;1;;;;;;;;;;;;;;;;;;;;;;;;;;;
-;;8932;EMB-007;1;;;;;;;;;;;;;;;;;;;;;;;;;;;
-;;933;EMB-007;1;;;;;;;;;;;;;;;;;;;;;;;;;;;
-;;8933;EMB-007;1;;;;;;;;;;;;;;;;;;;;;;;;;;;
-;;1118;EMB-007;1;;;;;;;;;;;;;;;;;;;;;;;;;;;
-;;118;EMB-007;1;;;;;;;;;;;;;;;;;;;;;;;;;;;
-;;169;EMB-007;1;;;;;;;;;;;;;;;;;;;;;;;;;;;
-;;977DO;EMB-007;1;;;;;;;;;;;;;;;;;;;;;;;;;;;
-;;PMT-806/MR;EMB-008;1;;;;;;;;;;;;;;;;;;;;;;;;;;;
-;;PMT-806/MR;EMB-008;1;;;;;;;;;;;;;;;;;;;;;;;;;;;
-;;PMT-802/MR;EMB-008;1;;;;;;;;;;;;;;;;;;;;;;;;;;;
-;;3200;EMB-007;1;;;;;;;;;;;;;;;;;;;;;;;;;;;
-;;3201;EMB-007;1;;;;;;;;;;;;;;;;;;;;;;;;;;;
-;;385;EMB-007;1;;;;;;;;;;;;;;;;;;;;;;;;;;;
-;;8385;EMB-007;1;;;;;;;;;;;;;;;;;;;;;;;;;;;
-;;685;EMB-007;1;;;;;;;;;;;;;;;;;;;;;;;;;;;
-;;8685;EMB-007;1;;;;;;;;;;;;;;;;;;;;;;;;;;;
-;;985;EMB-007;1;;;;;;;;;;;;;;;;;;;;;;;;;;;
-;;8985;EMB-007;1;;;;;;;;;;;;;;;;;;;;;;;;;;;
-;;339;EMB-007;1;;;;;;;;;;;;;;;;;;;;;;;;;;;
-;;8339;EMB-007;1;;;;;;;;;;;;;;;;;;;;;;;;;;;
-;;639;EMB-007;1;;;;;;;;;;;;;;;;;;;;;;;;;;;
-;;8639;EMB-007;1;;;;;;;;;;;;;;;;;;;;;;;;;;;
-;;939;EMB-007;1;;;;;;;;;;;;;;;;;;;;;;;;;;;
-;;8939;EMB-007;1;;;;;;;;;;;;;;;;;;;;;;;;;;;
-;;8150;EMB-007;1;;;;;;;;;;;;;;;;;;;;;;;;;;;
-;;8150;EMB-007;1;;;;;;;;;;;;;;;;;;;;;;;;;;;
-;;613;EMB-007;1;;;;;;;;;;;;;;;;;;;;;;;;;;;
-;;624;EMB-007;1;;;;;;;;;;;;;;;;;;;;;;;;;;;
-;;629;EMB-007;1;;;;;;;;;;;;;;;;;;;;;;;;;;;
-;;366;EMB-007;1;;;;;;;;;;;;;;;;;;;;;;;;;;;
-;;376;EMB-007;1;;;;;;;;;;;;;;;;;;;;;;;;;;;
-;;380;EMB-007;1;;;;;;;;;;;;;;;;;;;;;;;;;;;
-;;368;EMB-007;1;;;;;;;;;;;;;;;;;;;;;;;;;;;
-;;395;EMB-007;1;;;;;;;;;;;;;;;;;;;;;;;;;;;
-;;306;EMB-007;1;;;;;;;;;;;;;;;;;;;;;;;;;;;
-;;346;EMB-007;1;;;;;;;;;;;;;;;;;;;;;;;;;;;
-;;355;EMB-007;1;;;;;;;;;;;;;;;;;;;;;;;;;;;
-;;393;EMB-007;1;;;;;;;;;;;;;;;;;;;;;;;;;;;
-;;374;EMB-007;1;;;;;;;;;;;;;;;;;;;;;;;;;;;
-;;378;EMB-007;1;;;;;;;;;;;;;;;;;;;;;;;;;;;
-;;375;EMB-007;1;;;;;;;;;;;;;;;;;;;;;;;;;;;
-;;379;EMB-007;1;;;;;;;;;;;;;;;;;;;;;;;;;;;
-;;356;EMB-007;1;;;;;;;;;;;;;;;;;;;;;;;;;;;
-;;377;EMB-007;1;;;;;;;;;;;;;;;;;;;;;;;;;;;
-;;381;EMB-007;1;;;;;;;;;;;;;;;;;;;;;;;;;;;
-;;357;EMB-007;1;;;;;;;;;;;;;;;;;;;;;;;;;;;
-;;313;EMB-007;1;;;;;;;;;;;;;;;;;;;;;;;;;;;
-;;348;EMB-007;1;;;;;;;;;;;;;;;;;;;;;;;;;;;
-;;347;EMB-007;1;;;;;;;;;;;;;;;;;;;;;;;;;;;
-;;304;EMB-007;1;;;;;;;;;;;;;;;;;;;;;;;;;;;
-;;394;EMB-007;1;;;;;;;;;;;;;;;;;;;;;;;;;;;
-;;367;EMB-007;1;;;;;;;;;;;;;;;;;;;;;;;;;;;
-;;349;EMB-007;1;;;;;;;;;;;;;;;;;;;;;;;;;;;
-;;324;EMB-007;1;;;;;;;;;;;;;;;;;;;;;;;;;;;
-;;329;EMB-007;1;;;;;;;;;;;;;;;;;;;;;;;;;;;
-;;646;EMB-007;1;;;;;;;;;;;;;;;;;;;;;;;;;;;
-;;606;EMB-007;1;;;;;;;;;;;;;;;;;;;;;;;;;;;
-;;913;EMB-007;1;;;;;;;;;;;;;;;;;;;;;;;;;;;
-;;8380;EMB-007;1;;;;;;;;;;;;;;;;;;;;;;;;;;;
-;;376DO;EMB-007;1;;;;;;;;;;;;;;;;;;;;;;;;;;;
-;;8368;EMB-007;1;;;;;;;;;;;;;;;;;;;;;;;;;;;
-;;8376;EMB-007;1;;;;;;;;;;;;;;;;;;;;;;;;;;;
-;;8376DO;EMB-007;1;;;;;;;;;;;;;;;;;;;;;;;;;;;
-;;1376DO;EMB-007;1;;;;;;;;;;;;;;;;;;;;;;;;;;;
-;;1380;EMB-007;1;;;;;;;;;;;;;;;;;;;;;;;;;;;
-;;313DO;EMB-007;1;;;;;;;;;;;;;;;;;;;;;;;;;;;
-;;8313;EMB-007;1;;;;;;;;;;;;;;;;;;;;;;;;;;;
-;;8313DO;EMB-007;1;;;;;;;;;;;;;;;;;;;;;;;;;;;
-;;8395;EMB-007;1;;;;;;;;;;;;;;;;;;;;;;;;;;;
-;;8348;EMB-007;1;;;;;;;;;;;;;;;;;;;;;;;;;;;
-;;676;EMB-007;1;;;;;;;;;;;;;;;;;;;;;;;;;;;
-;;676DO;EMB-007;1;;;;;;;;;;;;;;;;;;;;;;;;;;;
-;;680;EMB-007;1;;;;;;;;;;;;;;;;;;;;;;;;;;;
-;;8676;EMB-007;1;;;;;;;;;;;;;;;;;;;;;;;;;;;
-;;8676DO;EMB-007;1;;;;;;;;;;;;;;;;;;;;;;;;;;;
-;;8680;EMB-007;1;;;;;;;;;;;;;;;;;;;;;;;;;;;
-;;8668;EMB-007;1;;;;;;;;;;;;;;;;;;;;;;;;;;;
-;;1676DO;EMB-007;1;;;;;;;;;;;;;;;;;;;;;;;;;;;
-;;1680;EMB-007;1;;;;;;;;;;;;;;;;;;;;;;;;;;;
-;;613DO;EMB-007;1;;;;;;;;;;;;;;;;;;;;;;;;;;;
-;;695;EMB-007;1;;;;;;;;;;;;;;;;;;;;;;;;;;;
-;;8613;EMB-007;1;;;;;;;;;;;;;;;;;;;;;;;;;;;
-;;8613DO;EMB-007;1;;;;;;;;;;;;;;;;;;;;;;;;;;;
-;;8695;EMB-007;1;;;;;;;;;;;;;;;;;;;;;;;;;;;
-;;648;EMB-007;1;;;;;;;;;;;;;;;;;;;;;;;;;;;
-;;8648;EMB-007;1;;;;;;;;;;;;;;;;;;;;;;;;;;;
-;;668;EMB-007;1;;;;;;;;;;;;;;;;;;;;;;;;;;;
-;;8968;EMB-007;1;;;;;;;;;;;;;;;;;;;;;;;;;;;
-;;976;EMB-007;1;;;;;;;;;;;;;;;;;;;;;;;;;;;
-;;976DO;EMB-007;1;;;;;;;;;;;;;;;;;;;;;;;;;;;
-;;980;EMB-007;1;;;;;;;;;;;;;;;;;;;;;;;;;;;
-;;8976;EMB-007;1;;;;;;;;;;;;;;;;;;;;;;;;;;;
-;;8976DO;EMB-007;1;;;;;;;;;;;;;;;;;;;;;;;;;;;
-;;8980;EMB-007;1;;;;;;;;;;;;;;;;;;;;;;;;;;;
-;;1976DO;EMB-007;1;;;;;;;;;;;;;;;;;;;;;;;;;;;
-;;1980;EMB-007;1;;;;;;;;;;;;;;;;;;;;;;;;;;;
-;;913DO;EMB-007;1;;;;;;;;;;;;;;;;;;;;;;;;;;;
-;;995;EMB-007;1;;;;;;;;;;;;;;;;;;;;;;;;;;;
-;;8913DO;EMB-007;1;;;;;;;;;;;;;;;;;;;;;;;;;;;
-;;968;EMB-007;1;;;;;;;;;;;;;;;;;;;;;;;;;;;
-;;8995;EMB-007;1;;;;;;;;;;;;;;;;;;;;;;;;;;;
-;;948;EMB-007;1;;;;;;;;;;;;;;;;;;;;;;;;;;;
-;;8948;EMB-007;1;;;;;;;;;;;;;;;;;;;;;;;;;;;
-;;906;EMB-007;1;;;;;;;;;;;;;;;;;;;;;;;;;;;
-;;904;EMB-007;1;;;;;;;;;;;;;;;;;;;;;;;;;;;
-;;8393;EMB-007;1;;;;;;;;;;;;;;;;;;;;;;;;;;;
-;;8306;EMB-007;1;;;;;;;;;;;;;;;;;;;;;;;;;;;
-;;8346;EMB-007;1;;;;;;;;;;;;;;;;;;;;;;;;;;;
-;;306DO;EMB-007;1;;;;;;;;;;;;;;;;;;;;;;;;;;;
-;;8306DO;EMB-007;1;;;;;;;;;;;;;;;;;;;;;;;;;;;
-;;1378;EMB-007;1;;;;;;;;;;;;;;;;;;;;;;;;;;;
-;;374DO;EMB-007;1;;;;;;;;;;;;;;;;;;;;;;;;;;;
-;;8374;EMB-007;1;;;;;;;;;;;;;;;;;;;;;;;;;;;
-;;1374DO;EMB-007;1;;;;;;;;;;;;;;;;;;;;;;;;;;;
-;;8374DO;EMB-007;1;;;;;;;;;;;;;;;;;;;;;;;;;;;
-;;8347;EMB-007;1;;;;;;;;;;;;;;;;;;;;;;;;;;;
-;;8366;EMB-007;1;;;;;;;;;;;;;;;;;;;;;;;;;;;
-;;8378;EMB-007;1;;;;;;;;;;;;;;;;;;;;;;;;;;;
-;;304DO;EMB-007;1;;;;;;;;;;;;;;;;;;;;;;;;;;;
-;;8304;EMB-007;1;;;;;;;;;;;;;;;;;;;;;;;;;;;
-;;8304DO;EMB-007;1;;;;;;;;;;;;;;;;;;;;;;;;;;;
-;;8394;EMB-007;1;;;;;;;;;;;;;;;;;;;;;;;;;;;
-;;375DO;EMB-007;1;;;;;;;;;;;;;;;;;;;;;;;;;;;
-;;8367;EMB-007;1;;;;;;;;;;;;;;;;;;;;;;;;;;;
-;;8375;EMB-007;1;;;;;;;;;;;;;;;;;;;;;;;;;;;
-;;8379;EMB-007;1;;;;;;;;;;;;;;;;;;;;;;;;;;;
-;;1375DO;EMB-007;1;;;;;;;;;;;;;;;;;;;;;;;;;;;
-;;1379;EMB-007;1;;;;;;;;;;;;;;;;;;;;;;;;;;;
-;;8375DO;EMB-007;1;;;;;;;;;;;;;;;;;;;;;;;;;;;
-;;8355;EMB-007;1;;;;;;;;;;;;;;;;;;;;;;;;;;;
-;;693;EMB-007;1;;;;;;;;;;;;;;;;;;;;;;;;;;;
-;;8646;EMB-007;1;;;;;;;;;;;;;;;;;;;;;;;;;;;
-;;8693;EMB-007;1;;;;;;;;;;;;;;;;;;;;;;;;;;;
-;;8606;EMB-007;1;;;;;;;;;;;;;;;;;;;;;;;;;;;
-;;8606DO;EMB-007;1;;;;;;;;;;;;;;;;;;;;;;;;;;;
-;;606DO;EMB-007;1;;;;;;;;;;;;;;;;;;;;;;;;;;;
-;;674;EMB-007;1;;;;;;;;;;;;;;;;;;;;;;;;;;;
-;;674DO;EMB-007;1;;;;;;;;;;;;;;;;;;;;;;;;;;;
-;;678;EMB-007;1;;;;;;;;;;;;;;;;;;;;;;;;;;;
-;;8674;EMB-007;1;;;;;;;;;;;;;;;;;;;;;;;;;;;
-;;8674DO;EMB-007;1;;;;;;;;;;;;;;;;;;;;;;;;;;;
-;;8678;EMB-007;1;;;;;;;;;;;;;;;;;;;;;;;;;;;
-;;1674DO;EMB-007;1;;;;;;;;;;;;;;;;;;;;;;;;;;;
-;;1678;EMB-007;1;;;;;;;;;;;;;;;;;;;;;;;;;;;
-;;647;EMB-007;1;;;;;;;;;;;;;;;;;;;;;;;;;;;
-;;8647;EMB-007;1;;;;;;;;;;;;;;;;;;;;;;;;;;;
-;;8666;EMB-007;1;;;;;;;;;;;;;;;;;;;;;;;;;;;
-;;666;EMB-007;1;;;;;;;;;;;;;;;;;;;;;;;;;;;
-;;604;EMB-007;1;;;;;;;;;;;;;;;;;;;;;;;;;;;
-;;604DO;EMB-007;1;;;;;;;;;;;;;;;;;;;;;;;;;;;
-;;694;EMB-007;1;;;;;;;;;;;;;;;;;;;;;;;;;;;
-;;8604;EMB-007;1;;;;;;;;;;;;;;;;;;;;;;;;;;;
-;;8604DO;EMB-007;1;;;;;;;;;;;;;;;;;;;;;;;;;;;
-;;8694;EMB-007;1;;;;;;;;;;;;;;;;;;;;;;;;;;;
-;;675;EMB-007;1;;;;;;;;;;;;;;;;;;;;;;;;;;;
-;;679;EMB-007;1;;;;;;;;;;;;;;;;;;;;;;;;;;;
-;;8667;EMB-007;1;;;;;;;;;;;;;;;;;;;;;;;;;;;
-;;8675;EMB-007;1;;;;;;;;;;;;;;;;;;;;;;;;;;;
-;;8675DO;EMB-007;1;;;;;;;;;;;;;;;;;;;;;;;;;;;
-;;8679;EMB-007;1;;;;;;;;;;;;;;;;;;;;;;;;;;;
-;;1675DO;EMB-007;1;;;;;;;;;;;;;;;;;;;;;;;;;;;
-;;1679;EMB-007;1;;;;;;;;;;;;;;;;;;;;;;;;;;;
-;;667;EMB-007;1;;;;;;;;;;;;;;;;;;;;;;;;;;;
-;;993;EMB-007;1;;;;;;;;;;;;;;;;;;;;;;;;;;;
-;;8906;EMB-007;1;;;;;;;;;;;;;;;;;;;;;;;;;;;
-;;8993;EMB-007;1;;;;;;;;;;;;;;;;;;;;;;;;;;;
-;;946;EMB-007;1;;;;;;;;;;;;;;;;;;;;;;;;;;;
-;;8946;EMB-007;1;;;;;;;;;;;;;;;;;;;;;;;;;;;
-;;8906DO;EMB-007;1;;;;;;;;;;;;;;;;;;;;;;;;;;;
-;;906DO;EMB-007;1;;;;;;;;;;;;;;;;;;;;;;;;;;;
-;;974;EMB-007;1;;;;;;;;;;;;;;;;;;;;;;;;;;;
-;;974DO;EMB-007;1;;;;;;;;;;;;;;;;;;;;;;;;;;;
-;;978;EMB-007;1;;;;;;;;;;;;;;;;;;;;;;;;;;;
-;;8974;EMB-007;1;;;;;;;;;;;;;;;;;;;;;;;;;;;
-;;8974DO;EMB-007;1;;;;;;;;;;;;;;;;;;;;;;;;;;;
-;;8978;EMB-007;1;;;;;;;;;;;;;;;;;;;;;;;;;;;
-;;1974DO;EMB-007;1;;;;;;;;;;;;;;;;;;;;;;;;;;;
-;;1978;EMB-007;1;;;;;;;;;;;;;;;;;;;;;;;;;;;
-;;947;EMB-007;1;;;;;;;;;;;;;;;;;;;;;;;;;;;
-;;8947;EMB-007;1;;;;;;;;;;;;;;;;;;;;;;;;;;;
-;;8966;EMB-007;1;;;;;;;;;;;;;;;;;;;;;;;;;;;
-;;966;EMB-007;1;;;;;;;;;;;;;;;;;;;;;;;;;;;
-;;904DO;EMB-007;1;;;;;;;;;;;;;;;;;;;;;;;;;;;
-;;994;EMB-007;1;;;;;;;;;;;;;;;;;;;;;;;;;;;
-;;8904DO;EMB-007;1;;;;;;;;;;;;;;;;;;;;;;;;;;;
-;;8994;EMB-007;1;;;;;;;;;;;;;;;;;;;;;;;;;;;
-;;8904;EMB-007;1;;;;;;;;;;;;;;;;;;;;;;;;;;;
-;;967;EMB-007;1;;;;;;;;;;;;;;;;;;;;;;;;;;;
-;;975;EMB-007;1;;;;;;;;;;;;;;;;;;;;;;;;;;;
-;;975DO;EMB-007;1;;;;;;;;;;;;;;;;;;;;;;;;;;;
-;;979;EMB-007;1;;;;;;;;;;;;;;;;;;;;;;;;;;;
-;;8967;EMB-007;1;;;;;;;;;;;;;;;;;;;;;;;;;;;
-;;8975;EMB-007;1;;;;;;;;;;;;;;;;;;;;;;;;;;;
-;;8975DO;EMB-007;1;;;;;;;;;;;;;;;;;;;;;;;;;;;
-;;8979;EMB-007;1;;;;;;;;;;;;;;;;;;;;;;;;;;;
-;;1975DO;EMB-007;1;;;;;;;;;;;;;;;;;;;;;;;;;;;
-;;1979;EMB-007;1;;;;;;;;;;;;;;;;;;;;;;;;;;;
-;;924;EMB-007;1;;;;;;;;;;;;;;;;;;;;;;;;;;;
-;;8349;EMB-007;1;;;;;;;;;;;;;;;;;;;;;;;;;;;
-;;377DO;EMB-007;1;;;;;;;;;;;;;;;;;;;;;;;;;;;
-;;8324;EMB-007;1;;;;;;;;;;;;;;;;;;;;;;;;;;;
-;;8377;EMB-007;1;;;;;;;;;;;;;;;;;;;;;;;;;;;
-;;8377DO;EMB-007;1;;;;;;;;;;;;;;;;;;;;;;;;;;;
-;;8381;EMB-007;1;;;;;;;;;;;;;;;;;;;;;;;;;;;
-;;1377DO;EMB-007;1;;;;;;;;;;;;;;;;;;;;;;;;;;;
-;;1381;EMB-007;1;;;;;;;;;;;;;;;;;;;;;;;;;;;
-;;8356;EMB-007;1;;;;;;;;;;;;;;;;;;;;;;;;;;;
-;;649;EMB-007;1;;;;;;;;;;;;;;;;;;;;;;;;;;;
-;;8649;EMB-007;1;;;;;;;;;;;;;;;;;;;;;;;;;;;
-;;677;EMB-007;1;;;;;;;;;;;;;;;;;;;;;;;;;;;
-;;677DO;EMB-007;1;;;;;;;;;;;;;;;;;;;;;;;;;;;
-;;681;EMB-007;1;;;;;;;;;;;;;;;;;;;;;;;;;;;
-;;8624;EMB-007;1;;;;;;;;;;;;;;;;;;;;;;;;;;;
-;;8677;EMB-007;1;;;;;;;;;;;;;;;;;;;;;;;;;;;
-;;8677DO;EMB-007;1;;;;;;;;;;;;;;;;;;;;;;;;;;;
-;;8681;EMB-007;1;;;;;;;;;;;;;;;;;;;;;;;;;;;
-;;1677DO;EMB-007;1;;;;;;;;;;;;;;;;;;;;;;;;;;;
-;;1681;EMB-007;1;;;;;;;;;;;;;;;;;;;;;;;;;;;
-;;949;EMB-007;1;;;;;;;;;;;;;;;;;;;;;;;;;;;
-;;8949;EMB-007;1;;;;;;;;;;;;;;;;;;;;;;;;;;;
-;;977;EMB-007;1;;;;;;;;;;;;;;;;;;;;;;;;;;;
-;;977DO;EMB-007;1;;;;;;;;;;;;;;;;;;;;;;;;;;;
-;;981;EMB-007;1;;;;;;;;;;;;;;;;;;;;;;;;;;;
-;;8924;EMB-007;1;;;;;;;;;;;;;;;;;;;;;;;;;;;
-;;8977;EMB-007;1;;;;;;;;;;;;;;;;;;;;;;;;;;;
-;;8977DO;EMB-007;1;;;;;;;;;;;;;;;;;;;;;;;;;;;
-;;8981;EMB-007;1;;;;;;;;;;;;;;;;;;;;;;;;;;;
-;;1977DO;EMB-007;1;;;;;;;;;;;;;;;;;;;;;;;;;;;
-;;1981;EMB-007;1;;;;;;;;;;;;;;;;;;;;;;;;;;;
-;;8329;EMB-007;1;;;;;;;;;;;;;;;;;;;;;;;;;;;
-;;929;EMB-007;1;;;;;;;;;;;;;;;;;;;;;;;;;;;
-;;6357;EMB-007;1;;;;;;;;;;;;;;;;;;;;;;;;;;;
-;;8329DO;EMB-007;1;;;;;;;;;;;;;;;;;;;;;;;;;;;
-;;8357;EMB-007;1;;;;;;;;;;;;;;;;;;;;;;;;;;;
-;;629DO;EMB-007;1;;;;;;;;;;;;;;;;;;;;;;;;;;;
-;;8629;EMB-007;1;;;;;;;;;;;;;;;;;;;;;;;;;;;
-;;8629DO;EMB-007;1;;;;;;;;;;;;;;;;;;;;;;;;;;;
-;;929DO;EMB-007;1;;;;;;;;;;;;;;;;;;;;;;;;;;;
-;;8929;EMB-007;1;;;;;;;;;;;;;;;;;;;;;;;;;;;
-;;8929DO;EMB-007;1;;;;;;;;;;;;;;;;;;;;;;;;;;;
-;;329DO;EMB-007;1;;;;;;;;;;;;;;;;;;;;;;;;;;;
-;;675DO;EMB-007;1;;;;;;;;;;;;;;;;;;;;;;;;;;;
-;;8913;EMB-007;1;;;;;;;;;;;;;;;;;;;;;;;;;;;
-;;8311;EMB-007;1;;;;;;;;;;;;;;;;;;;;;;;;;;;
-;;311;EMB-007;1;;;;;;;;;;;;;;;;;;;;;;;;;;;
-;;1311;EMB-007;1;;;;;;;;;;;;;;;;;;;;;;;;;;;
-;;8916;EMB-007;1;;;;;;;;;;;;;;;;;;;;;;;;;;;
-;;529;EMB-007;1;;;;;;;;;;;;;;;;;;;;;;;;;;;
-;;3350;EMB-007;1;;;;;;;;;;;;;;;;;;;;;;;;;;;
-;;3351;EMB-007;1;;;;;;;;;;;;;;;;;;;;;;;;;;;
-;;4350;EMB-016;1;;;;;;;;;;;;;;;;;;;;;;;;;;;
-;;4351;EMB-016;1;;;;;;;;;;;;;;;;;;;;;;;;;;;
-;;350;EMB-007;1;;;;;;;;;;;;;;;;;;;;;;;;;;;
-;;8350;EMB-007;1;;;;;;;;;;;;;;;;;;;;;;;;;;;
-;;351;EMB-007;1;;;;;;;;;;;;;;;;;;;;;;;;;;;
-;;8351;EMB-007;1;;;;;;;;;;;;;;;;;;;;;;;;;;;
-;;352;EMB-007;1;;;;;;;;;;;;;;;;;;;;;;;;;;;
-;;8352;EMB-007;1;;;;;;;;;;;;;;;;;;;;;;;;;;;
-;;353;EMB-007;1;;;;;;;;;;;;;;;;;;;;;;;;;;;
-;;8353;EMB-007;1;;;;;;;;;;;;;;;;;;;;;;;;;;;
-;;354;EMB-007;1;;;;;;;;;;;;;;;;;;;;;;;;;;;
-;;8354;EMB-007;1;;;;;;;;;;;;;;;;;;;;;;;;;;;
-;;343;EMB-007;1;;;;;;;;;;;;;;;;;;;;;;;;;;;
-;;8343;EMB-007;1;;;;;;;;;;;;;;;;;;;;;;;;;;;
-;;302;EMB-007;1;;;;;;;;;;;;;;;;;;;;;;;;;;;
-;;8302;EMB-007;1;;;;;;;;;;;;;;;;;;;;;;;;;;;
-;;301;EMB-007;1;;;;;;;;;;;;;;;;;;;;;;;;;;;
-;;8301;EMB-007;1;;;;;;;;;;;;;;;;;;;;;;;;;;;
-;;335;EMB-007;1;;;;;;;;;;;;;;;;;;;;;;;;;;;
-;;8335;EMB-007;1;;;;;;;;;;;;;;;;;;;;;;;;;;;
-;;316;EMB-007;1;;;;;;;;;;;;;;;;;;;;;;;;;;;
-;;8316;EMB-007;1;;;;;;;;;;;;;;;;;;;;;;;;;;;
-;;300;EMB-007;1;;;;;;;;;;;;;;;;;;;;;;;;;;;
-;;8300;EMB-007;1;;;;;;;;;;;;;;;;;;;;;;;;;;;
-;;342;EMB-007;1;;;;;;;;;;;;;;;;;;;;;;;;;;;
-;;8342;EMB-007;1;;;;;;;;;;;;;;;;;;;;;;;;;;;
-;;643;EMB-007;1;;;;;;;;;;;;;;;;;;;;;;;;;;;
-;;8643;EMB-007;1;;;;;;;;;;;;;;;;;;;;;;;;;;;
-;;602;EMB-007;1;;;;;;;;;;;;;;;;;;;;;;;;;;;
-;;8602;EMB-007;1;;;;;;;;;;;;;;;;;;;;;;;;;;;
-;;601;EMB-007;1;;;;;;;;;;;;;;;;;;;;;;;;;;;
-;;8601;EMB-007;1;;;;;;;;;;;;;;;;;;;;;;;;;;;
-;;635;EMB-007;1;;;;;;;;;;;;;;;;;;;;;;;;;;;
-;;8635;EMB-007;1;;;;;;;;;;;;;;;;;;;;;;;;;;;
-;;616;EMB-007;1;;;;;;;;;;;;;;;;;;;;;;;;;;;
-;;8616;EMB-007;1;;;;;;;;;;;;;;;;;;;;;;;;;;;
-;;600;EMB-007;1;;;;;;;;;;;;;;;;;;;;;;;;;;;
-;;8600;EMB-007;1;;;;;;;;;;;;;;;;;;;;;;;;;;;
-;;642;EMB-007;1;;;;;;;;;;;;;;;;;;;;;;;;;;;
-;;8642;EMB-007;1;;;;;;;;;;;;;;;;;;;;;;;;;;;
-;;943;EMB-007;1;;;;;;;;;;;;;;;;;;;;;;;;;;;
-;;8943;EMB-007;1;;;;;;;;;;;;;;;;;;;;;;;;;;;
-;;902;EMB-007;1;;;;;;;;;;;;;;;;;;;;;;;;;;;
-;;8902;EMB-007;1;;;;;;;;;;;;;;;;;;;;;;;;;;;
-;;901;EMB-007;1;;;;;;;;;;;;;;;;;;;;;;;;;;;
-;;8901;EMB-007;1;;;;;;;;;;;;;;;;;;;;;;;;;;;
-;;935;EMB-007;1;;;;;;;;;;;;;;;;;;;;;;;;;;;
-;;8935;EMB-007;1;;;;;;;;;;;;;;;;;;;;;;;;;;;
-;;916;EMB-007;1;;;;;;;;;;;;;;;;;;;;;;;;;;;
-;;900;EMB-007;1;;;;;;;;;;;;;;;;;;;;;;;;;;;
-;;8900;EMB-007;1;;;;;;;;;;;;;;;;;;;;;;;;;;;
-;;942;EMB-007;1;;;;;;;;;;;;;;;;;;;;;;;;;;;
-;;8942;EMB-007;1;;;;;;;;;;;;;;;;;;;;;;;;;;;
-;;284;EMB-007;1;;;;;;;;;;;;;;;;;;;;;;;;;;;
-;;28-3579;EMB-008;1;;;;;;;;;;;;;;;;;;;;;;;;;;;
-;;128-3579;EMB-008;1;;;;;;;;;;;;;;;;;;;;;;;;;;;
904868789;;128-2468;EMB-009;1;;;;;;;;;;;;;;;;;;;;;;;;;;;
904868791;;28-2468A;EMB-009;1;;;;;;;;;;;;;;;;;;;;;;;;;;;
904868783;;28-2468R;EMB-009;1;;;;;;;;;;;;;;;;;;;;;;;;;;;
904868787;;28-2468VD;EMB-009;1;;;;;;;;;;;;;;;;;;;;;;;;;;;
904868785;;28-2468C;EMB-009;1;;;;;;;;;;;;;;;;;;;;;;;;;;;
904868793;;28-2468VM;EMB-009;1;;;;;;;;;;;;;;;;;;;;;;;;;;;
904868776;;28-2468;EMB-009;1;;;;;;;;;;;;;;;;;;;;;;;;;;;
-;;286;EMB-008;1;;;;;;;;;;;;;;;;;;;;;;;;;;;
891943905;;286C;EMB-008;1;;;;;;;;;;;;;;;;;;;;;;;;;;;
891943964;;286A;EMB-008;1;;;;;;;;;;;;;;;;;;;;;;;;;;;
891943973;;286VM;EMB-008;1;;;;;;;;;;;;;;;;;;;;;;;;;;;
891943880;;286R;EMB-008;1;;;;;;;;;;;;;;;;;;;;;;;;;;;
891943918;;286VD;EMB-008;1;;;;;;;;;;;;;;;;;;;;;;;;;;;
-;;1286;EMB-008;1;;;;;;;;;;;;;;;;;;;;;;;;;;;
-;;286-5;EMB-009;1;;;;;;;;;;;;;;;;;;;;;;;;;;;
-;;286A-4;EMB-009;1;;;;;;;;;;;;;;;;;;;;;;;;;;;
-;;288;EMB-009;1;;;;;;;;;;;;;;;;;;;;;;;;;;;
891941917;;288C;EMB-009;1;;;;;;;;;;;;;;;;;;;;;;;;;;;
891941893;;288R;EMB-009;1;;;;;;;;;;;;;;;;;;;;;;;;;;;
891941937;;288VD;EMB-009;1;;;;;;;;;;;;;;;;;;;;;;;;;;;
-;;8286;EMB-008;1;;;;;;;;;;;;;;;;;;;;;;;;;;;
891941980;;288A;EMB-009;1;;;;;;;;;;;;;;;;;;;;;;;;;;;
891942000;;288VM;EMB-009;1;;;;;;;;;;;;;;;;;;;;;;;;;;;
-;;285;EMB-007;1;;;;;;;;;;;;;;;;;;;;;;;;;;;
-;;1288;EMB-009;1;;;;;;;;;;;;;;;;;;;;;;;;;;;
-;;282;EMB-007;1;;;;;;;;;;;;;;;;;;;;;;;;;;;
891939876;;282C;EMB-007;1;;;;;;;;;;;;;;;;;;;;;;;;;;;
891939919;;282A;EMB-007;1;;;;;;;;;;;;;;;;;;;;;;;;;;;
891939888;;282VD;EMB-007;1;;;;;;;;;;;;;;;;;;;;;;;;;;;
891939858;;282R;EMB-007;1;;;;;;;;;;;;;;;;;;;;;;;;;;;
891939930;;282VM;EMB-007;1;;;;;;;;;;;;;;;;;;;;;;;;;;;
-;;1282;EMB-007;1;;;;;;;;;;;;;;;;;;;;;;;;;;;
-;;8285;EMB-007;1;;;;;;;;;;;;;;;;;;;;;;;;;;;
-;;1285;EMB-007;1;;;;;;;;;;;;;;;;;;;;;;;;;;;
936926111;;PM-1091;EMB-007;1;;;;;;;;;;;;;;;;;;;;;;;;;;;
-;;287;EMB-007;1;;;;;;;;;;;;;;;;;;;;;;;;;;;
-;;1287;EMB-007;1;;;;;;;;;;;;;;;;;;;;;;;;;;;
891943732;;284A;EMB-007;1;;;;;;;;;;;;;;;;;;;;;;;;;;;
891943707;;284C;EMB-007;1;;;;;;;;;;;;;;;;;;;;;;;;;;;
891943697;;284R;EMB-007;1;;;;;;;;;;;;;;;;;;;;;;;;;;;
891943715;;284VD;EMB-007;1;;;;;;;;;;;;;;;;;;;;;;;;;;;
891943758;;284VM;EMB-007;1;;;;;;;;;;;;;;;;;;;;;;;;;;;
-;;1284;EMB-007;1;;;;;;;;;;;;;;;;;;;;;;;;;;;
891942260;;288VD-2;EMB-009;1;;;;;;;;;;;;;;;;;;;;;;;;;;;
891942062;;288-2;EMB-009;1;;;;;;;;;;;;;;;;;;;;;;;;;;;
891942294;;288VM-2;EMB-009;1;;;;;;;;;;;;;;;;;;;;;;;;;;;
891942284;;288A-2;EMB-009;1;;;;;;;;;;;;;;;;;;;;;;;;;;;
891942233;;288C-2;EMB-009;1;;;;;;;;;;;;;;;;;;;;;;;;;;;
891942200;;288R-2;EMB-009;1;;;;;;;;;;;;;;;;;;;;;;;;;;;
891942270;;1288-2;EMB-009;1;;;;;;;;;;;;;;;;;;;;;;;;;;;
891940192;;282A-2;EMB-007;1;;;;;;;;;;;;;;;;;;;;;;;;;;;
891940113;;282-2;EMB-007;1;;;;;;;;;;;;;;;;;;;;;;;;;;;
891940160;;282C-2;EMB-007;1;;;;;;;;;;;;;;;;;;;;;;;;;;;
891940198;;282VM-2;EMB-007;1;;;;;;;;;;;;;;;;;;;;;;;;;;;
891940170;;282VD-2;EMB-007;1;;;;;;;;;;;;;;;;;;;;;;;;;;;
-;;8288;EMB-009;1;;;;;;;;;;;;;;;;;;;;;;;;;;;
891940147;;282R-2;EMB-007;1;;;;;;;;;;;;;;;;;;;;;;;;;;;
891940178;;1282-2;EMB-007;1;;;;;;;;;;;;;;;;;;;;;;;;;;;
936926102;;PM-1090A;EMB-007;1;;;;;;;;;;;;;;;;;;;;;;;;;;;
-;;8287;EMB-007;1;;;;;;;;;;;;;;;;;;;;;;;;;;;
891952539;;286-4;EMB-009;1;;;;;;;;;;;;;;;;;;;;;;;;;;;
891952614;;286C-4;EMB-009;1;;;;;;;;;;;;;;;;;;;;;;;;;;;
891952587;;286R-4;EMB-009;1;;;;;;;;;;;;;;;;;;;;;;;;;;;
891952634;;286VD-4;EMB-009;1;;;;;;;;;;;;;;;;;;;;;;;;;;;
891952716;;286VM-4;EMB-009;1;;;;;;;;;;;;;;;;;;;;;;;;;;;
891952659;;1286-4;EMB-009;1;;;;;;;;;;;;;;;;;;;;;;;;;;;
891951973;;285-4;EMB-009;1;;;;;;;;;;;;;;;;;;;;;;;;;;;
891951973;;285-4;EMB-009;1;;;;;;;;;;;;;;;;;;;;;;;;;;;
891952001;;285VD-4;EMB-009;1;;;;;;;;;;;;;;;;;;;;;;;;;;;
891952057;;285R-4;EMB-009;1;;;;;;;;;;;;;;;;;;;;;;;;;;;
891952010;;285C-4;EMB-009;1;;;;;;;;;;;;;;;;;;;;;;;;;;;
891951973;;285-4;EMB-009;1;;;;;;;;;;;;;;;;;;;;;;;;;;;
891952038;;285A-4;EMB-009;1;;;;;;;;;;;;;;;;;;;;;;;;;;;
891952047;;285VM-4;EMB-009;1;;;;;;;;;;;;;;;;;;;;;;;;;;;
891952023;;1285-4;EMB-009;1;;;;;;;;;;;;;;;;;;;;;;;;;;;
891942410;;288A-4;EMB-009;1;;;;;;;;;;;;;;;;;;;;;;;;;;;
891942357;;288C-4;EMB-009;1;;;;;;;;;;;;;;;;;;;;;;;;;;;
891942428;;288VM-4;EMB-009;1;;;;;;;;;;;;;;;;;;;;;;;;;;;
-;;8282;EMB-007;1;;;;;;;;;;;;;;;;;;;;;;;;;;;
891942385;;288VD-4;EMB-009;1;;;;;;;;;;;;;;;;;;;;;;;;;;;
891942343;;288R-4;EMB-009;1;;;;;;;;;;;;;;;;;;;;;;;;;;;
891942317;;288-4;EMB-009;1;;;;;;;;;;;;;;;;;;;;;;;;;;;
-;;289;EMB-009;1;;;;;;;;;;;;;;;;;;;;;;;;;;;
-;;1289;EMB-009;1;;;;;;;;;;;;;;;;;;;;;;;;;;;
-;;8289;EMB-009;1;;;;;;;;;;;;;;;;;;;;;;;;;;;
-;;283;EMB-007;1;;;;;;;;;;;;;;;;;;;;;;;;;;;
-;;8283;EMB-007;1;;;;;;;;;;;;;;;;;;;;;;;;;;;
-;;1283;EMB-007;1;;;;;;;;;;;;;;;;;;;;;;;;;;;
891942397;;1288-4;EMB-009;1;;;;;;;;;;;;;;;;;;;;;;;;;;;
891939958;;282-4;EMB-007;1;;;;;;;;;;;;;;;;;;;;;;;;;;;
891940022;;282VD-4;EMB-007;1;;;;;;;;;;;;;;;;;;;;;;;;;;;
891940062;;282A-4;EMB-007;1;;;;;;;;;;;;;;;;;;;;;;;;;;;
936926108;;PM-1090VD;EMB-007;1;;;;;;;;;;;;;;;;;;;;;;;;;;;
936926105;;PM-1090VM;EMB-007;1;;;;;;;;;;;;;;;;;;;;;;;;;;;
-;;PM-1007;EMB-007;1;;;;;;;;;;;;;;;;;;;;;;;;;;;
936930757;;PM-1091-2;EMB-007;1;;;;;;;;;;;;;;;;;;;;;;;;;;;
936930747;;PM-1090A-2;EMB-007;1;;;;;;;;;;;;;;;;;;;;;;;;;;;
936930754;;PM-1090VD-2;EMB-007;1;;;;;;;;;;;;;;;;;;;;;;;;;;;
-;;PM-1004;EMB-007;1;;;;;;;;;;;;;;;;;;;;;;;;;;;
-;;PM-1008;EMB-007;1;;;;;;;;;;;;;;;;;;;;;;;;;;;
-;;PM-1005;EMB-007;1;;;;;;;;;;;;;;;;;;;;;;;;;;;
936930750;;PM-1090VM-2;EMB-007;1;;;;;;;;;;;;;;;;;;;;;;;;;;;
-;;PM-1002;EMB-007;1;;;;;;;;;;;;;;;;;;;;;;;;;;;
-;;PM-1008;EMB-007;1;;;;;;;;;;;;;;;;;;;;;;;;;;;
-;;PM-1003;EMB-007;1;;;;;;;;;;;;;;;;;;;;;;;;;;;
891939989;;282R-4;EMB-007;1;;;;;;;;;;;;;;;;;;;;;;;;;;;
891940009;;282C-4;EMB-007;1;;;;;;;;;;;;;;;;;;;;;;;;;;;
891940074;;282VM-4;EMB-007;1;;;;;;;;;;;;;;;;;;;;;;;;;;;
891940037;;1282-4;EMB-007;1;;;;;;;;;;;;;;;;;;;;;;;;;;;
-;;8284;EMB-007;1;;;;;;;;;;;;;;;;;;;;;;;;;;;
-;;1284T;EMB-008;1;;;;;;;;;;;;;;;;;;;;;;;;;;;
936943236;;PM-1090A-4;EMB-008;1;;;;;;;;;;;;;;;;;;;;;;;;;;;
936943238;;PM-1090VM-4;EMB-008;1;;;;;;;;;;;;;;;;;;;;;;;;;;;
936943241;;PM-1090VD-4;EMB-008;1;;;;;;;;;;;;;;;;;;;;;;;;;;;
936943243;;PM-1091-4;EMB-008;1;;;;;;;;;;;;;;;;;;;;;;;;;;;
891949343;;284-4;EMB-008;1;;;;;;;;;;;;;;;;;;;;;;;;;;;
891949372;;284C-4;EMB-008;1;;;;;;;;;;;;;;;;;;;;;;;;;;;
-;;284A-4;EMB-008;1;;;;;;;;;;;;;;;;;;;;;;;;;;;
891949364;;284R-4;EMB-008;1;;;;;;;;;;;;;;;;;;;;;;;;;;;
891949378;;284VD-4;EMB-008;1;;;;;;;;;;;;;;;;;;;;;;;;;;;
891949399;;284VM-4;EMB-008;1;;;;;;;;;;;;;;;;;;;;;;;;;;;
891949385;;1284-4;EMB-008;1;;;;;;;;;;;;;;;;;;;;;;;;;;;
-;;2387;EMB-009;1;;;;;;;;;;;;;;;;;;;;;;;;;;;
891943630;;238X;EMB-009;1;;;;;;;;;;;;;;;;;;;;;;;;;;;
-;;2389;EMB-009;1;;;;;;;;;;;;;;;;;;;;;;;;;;;
-;;2383;EMB-009;1;;;;;;;;;;;;;;;;;;;;;;;;;;;
-;;2385;EMB-009;1;;;;;;;;;;;;;;;;;;;;;;;;;;;
-;;2391;EMB-009;1;;;;;;;;;;;;;;;;;;;;;;;;;;;
-;;2389-2;EMB-007;1;;;;;;;;;;;;;;;;;;;;;;;;;;;
-;;2389-3;EMB-007;1;;;;;;;;;;;;;;;;;;;;;;;;;;;
-;;2389-4;EMB-007;1;;;;;;;;;;;;;;;;;;;;;;;;;;;
-;;2389-5;EMB-007;1;;;;;;;;;;;;;;;;;;;;;;;;;;;
-;;2389-6;EMB-007;1;;;;;;;;;;;;;;;;;;;;;;;;;;;
-;;2386;EMB-007;1;;;;;;;;;;;;;;;;;;;;;;;;;;;
891943540;;239X;EMB-007;1;;;;;;;;;;;;;;;;;;;;;;;;;;;
-;;2388;EMB-007;1;;;;;;;;;;;;;;;;;;;;;;;;;;;
-;;2382;EMB-007;1;;;;;;;;;;;;;;;;;;;;;;;;;;;
-;;2384;EMB-007;1;;;;;;;;;;;;;;;;;;;;;;;;;;;
-;;2390;EMB-007;1;;;;;;;;;;;;;;;;;;;;;;;;;;;
940220601;;2386-2;EMB-007;1;;;;;;;;;;;;;;;;;;;;;;;;;;;
940220606;;2388-2;EMB-007;1;;;;;;;;;;;;;;;;;;;;;;;;;;;
940220596;;2382-2;EMB-007;1;;;;;;;;;;;;;;;;;;;;;;;;;;;
940220591;;2384-2;EMB-007;1;;;;;;;;;;;;;;;;;;;;;;;;;;;
940220610;;2390-2;EMB-007;1;;;;;;;;;;;;;;;;;;;;;;;;;;;
940220624;;2386-3;EMB-007;1;;;;;;;;;;;;;;;;;;;;;;;;;;;
940220631;;2388-3;EMB-007;1;;;;;;;;;;;;;;;;;;;;;;;;;;;
940220620;;2382-3;EMB-007;1;;;;;;;;;;;;;;;;;;;;;;;;;;;
940220616;;2384-3;EMB-007;1;;;;;;;;;;;;;;;;;;;;;;;;;;;
940220635;;2390-3;EMB-007;1;;;;;;;;;;;;;;;;;;;;;;;;;;;
940220649;;2386-4;EMB-007;1;;;;;;;;;;;;;;;;;;;;;;;;;;;
940220653;;2388-4;EMB-007;1;;;;;;;;;;;;;;;;;;;;;;;;;;;
940220645;;2382-4;EMB-007;1;;;;;;;;;;;;;;;;;;;;;;;;;;;
940220641;;2384-4;EMB-007;1;;;;;;;;;;;;;;;;;;;;;;;;;;;
940220657;;2390-4;EMB-007;1;;;;;;;;;;;;;;;;;;;;;;;;;;;
-;;2233;EMB-007;1;;;;;;;;;;;;;;;;;;;;;;;;;;;
-;;2239;EMB-007;1;;;;;;;;;;;;;;;;;;;;;;;;;;;
-;;2219;EMB-007;1;;;;;;;;;;;;;;;;;;;;;;;;;;;
-;;2224;EMB-007;1;;;;;;;;;;;;;;;;;;;;;;;;;;;
-;;2244;EMB-007;1;;;;;;;;;;;;;;;;;;;;;;;;;;;
-;;2225;EMB-007;1;;;;;;;;;;;;;;;;;;;;;;;;;;;
-;;2235;EMB-007;1;;;;;;;;;;;;;;;;;;;;;;;;;;;
-;;2210;EMB-007;1;;;;;;;;;;;;;;;;;;;;;;;;;;;
-;;2220;EMB-007;1;;;;;;;;;;;;;;;;;;;;;;;;;;;
-;;2240;EMB-007;1;;;;;;;;;;;;;;;;;;;;;;;;;;;
-;;2232;EMB-008;1;;;;;;;;;;;;;;;;;;;;;;;;;;;
-;;2238;EMB-008;1;;;;;;;;;;;;;;;;;;;;;;;;;;;
-;;2217;EMB-008;1;;;;;;;;;;;;;;;;;;;;;;;;;;;
-;;2223;EMB-008;1;;;;;;;;;;;;;;;;;;;;;;;;;;;
-;;2243;EMB-008;1;;;;;;;;;;;;;;;;;;;;;;;;;;;
-;;2226;EMB-007;1;;;;;;;;;;;;;;;;;;;;;;;;;;;
-;;2226-2;EMB-007;1;;;;;;;;;;;;;;;;;;;;;;;;;;;
-;;2226-3;EMB-007;1;;;;;;;;;;;;;;;;;;;;;;;;;;;
-;;2226-4;EMB-007;1;;;;;;;;;;;;;;;;;;;;;;;;;;;
-;;2226-4;EMB-007;1;;;;;;;;;;;;;;;;;;;;;;;;;;;
-;;2236;EMB-007;1;;;;;;;;;;;;;;;;;;;;;;;;;;;
-;;2214;EMB-007;1;;;;;;;;;;;;;;;;;;;;;;;;;;;
-;;2221;EMB-007;1;;;;;;;;;;;;;;;;;;;;;;;;;;;
-;;2241;EMB-007;1;;;;;;;;;;;;;;;;;;;;;;;;;;;
895051647;;220X;EMB-007;1;;;;;;;;;;;;;;;;;;;;;;;;;;;
895077717;;223X;EMB-007;1;;;;;;;;;;;;;;;;;;;;;;;;;;;
-;;2230;EMB-007;1;;;;;;;;;;;;;;;;;;;;;;;;;;;
-;;2230-2;EMB-007;1;;;;;;;;;;;;;;;;;;;;;;;;;;;
-;;2230-3;EMB-007;1;;;;;;;;;;;;;;;;;;;;;;;;;;;
-;;2230-4;EMB-007;1;;;;;;;;;;;;;;;;;;;;;;;;;;;
-;;2237;EMB-007;1;;;;;;;;;;;;;;;;;;;;;;;;;;;
-;;2215;EMB-007;1;;;;;;;;;;;;;;;;;;;;;;;;;;;
-;;2222;EMB-007;1;;;;;;;;;;;;;;;;;;;;;;;;;;;
-;;2242;EMB-007;1;;;;;;;;;;;;;;;;;;;;;;;;;;;
-;;438;EMB-007;1;;;;;;;;;;;;;;;;;;;;;;;;;;;
-;;183;EMB-015;1;;;;;;;;;;;;;;;;;;;;;;;;;;;
-;;186;EMB-015;1;;;;;;;;;;;;;;;;;;;;;;;;;;;
-;;191;EMB-015;1;;;;;;;;;;;;;;;;;;;;;;;;;;;
-;;220;EMB-008;1;;;;;;;;;;;;;;;;;;;;;;;;;;;
-;;221;EMB-008;1;;;;;;;;;;;;;;;;;;;;;;;;;;;
-;;220;EMB-008;1;;;;;;;;;;;;;;;;;;;;;;;;;;;
-;;221;EMB-008;1;;;;;;;;;;;;;;;;;;;;;;;;;;;
-;;748;EMB-008;1;;;;;;;;;;;;;;;;;;;;;;;;;;;
-;;848;EMB-008;1;;;;;;;;;;;;;;;;;;;;;;;;;;;
-;;748;EMB-008;1;;;;;;;;;;;;;;;;;;;;;;;;;;;
-;;848;EMB-008;1;;;;;;;;;;;;;;;;;;;;;;;;;;;
-;;848;EMB-008;1;;;;;;;;;;;;;;;;;;;;;;;;;;;
926549271;;PM-0223P;EMB-016;1;;;;;;;;;;;;;;;;;;;;;;;;;;;
926549277;;PM-0223A;EMB-016;1;;;;;;;;;;;;;;;;;;;;;;;;;;;
926549274;;PM-0223VM;EMB-016;1;;;;;;;;;;;;;;;;;;;;;;;;;;;
-;;128;EMB-008;1;;;;;;;;;;;;;;;;;;;;;;;;;;;
896864805;;128VD;EMB-008;1;;;;;;;;;;;;;;;;;;;;;;;;;;;
896864799;;128VM;EMB-008;1;;;;;;;;;;;;;;;;;;;;;;;;;;;
-;;128A;EMB-008;1;;;;;;;;;;;;;;;;;;;;;;;;;;;
-;;128B;EMB-008;1;;;;;;;;;;;;;;;;;;;;;;;;;;;
939310452;;128C;EMB-008;1;;;;;;;;;;;;;;;;;;;;;;;;;;;
896864796;;128R;EMB-008;1;;;;;;;;;;;;;;;;;;;;;;;;;;;
891948899;;431VM;EMB-007;1;;;;;;;;;;;;;;;;;;;;;;;;;;;
891948812;;431A;EMB-007;1;;;;;;;;;;;;;;;;;;;;;;;;;;;
891948872;;431VD;EMB-007;1;;;;;;;;;;;;;;;;;;;;;;;;;;;
891948839;;431R;EMB-007;1;;;;;;;;;;;;;;;;;;;;;;;;;;;
-;;431;EMB-007;1;;;;;;;;;;;;;;;;;;;;;;;;;;;
923110021;;PM-1039;EMB-007;1;;;;;;;;;;;;;;;;;;;;;;;;;;;
923163025;;PM-1039P;EMB-007;1;;;;;;;;;;;;;;;;;;;;;;;;;;;
923163031;;PM-1039BG;EMB-007;1;;;;;;;;;;;;;;;;;;;;;;;;;;;
923163028;;PM-1039B;EMB-007;1;;;;;;;;;;;;;;;;;;;;;;;;;;;
915378560;;PM-1040;EMB-007;1;;;;;;;;;;;;;;;;;;;;;;;;;;;
923234656;;PM-1040P;EMB-007;1;;;;;;;;;;;;;;;;;;;;;;;;;;;
923234662;;PM-1040BG;EMB-007;1;;;;;;;;;;;;;;;;;;;;;;;;;;;
923234659;;PM-1040B;EMB-007;1;;;;;;;;;;;;;;;;;;;;;;;;;;;
891943449;;432R;EMB-007;1;;;;;;;;;;;;;;;;;;;;;;;;;;;
891943458;;432VD;EMB-007;1;;;;;;;;;;;;;;;;;;;;;;;;;;;
-;;432C;EMB-007;1;;;;;;;;;;;;;;;;;;;;;;;;;;;
891943432;;432A;EMB-007;1;;;;;;;;;;;;;;;;;;;;;;;;;;;
891943479;;432VM;EMB-007;1;;;;;;;;;;;;;;;;;;;;;;;;;;;
-;;432;EMB-007;1;;;;;;;;;;;;;;;;;;;;;;;;;;;
-;;406;EMB-007;1;;;;;;;;;;;;;;;;;;;;;;;;;;;
-;;407;EMB-007;1;;;;;;;;;;;;;;;;;;;;;;;;;;;
-;;64;EMB-007;1;;;;;;;;;;;;;;;;;;;;;;;;;;;
-;;228;EMB-007;1;;;;;;;;;;;;;;;;;;;;;;;;;;;
-;;8241;EMB-007;1;;;;;;;;;;;;;;;;;;;;;;;;;;;
-;;8241DO;EMB-007;1;;;;;;;;;;;;;;;;;;;;;;;;;;;
-;;241DO;EMB-007;1;;;;;;;;;;;;;;;;;;;;;;;;;;;
891940268;;241DOVD;EMB-016;1;;;;;;;;;;;;;;;;;;;;;;;;;;;
891940296;;241DOR;EMB-016;1;;;;;;;;;;;;;;;;;;;;;;;;;;;
891940305;;241DOC;EMB-016;1;;;;;;;;;;;;;;;;;;;;;;;;;;;
891940282;;241DOVM;EMB-016;1;;;;;;;;;;;;;;;;;;;;;;;;;;;
-;;241;EMB-016;1;;;;;;;;;;;;;;;;;;;;;;;;;;;
891940354;;241C;EMB-016;1;;;;;;;;;;;;;;;;;;;;;;;;;;;
891940320;;241VD;EMB-016;1;;;;;;;;;;;;;;;;;;;;;;;;;;;
891940333;;241VM;EMB-016;1;;;;;;;;;;;;;;;;;;;;;;;;;;;
891940345;;241R;EMB-016;1;;;;;;;;;;;;;;;;;;;;;;;;;;;
-;;421;EMB-007;1;;;;;;;;;;;;;;;;;;;;;;;;;;;
-;;249;EMB-009;1;;;;;;;;;;;;;;;;;;;;;;;;;;;
-;;0249-2;EMB-009;1;;;;;;;;;;;;;;;;;;;;;;;;;;;
-;;7235;EMB-009;1;;;;;;;;;;;;;;;;;;;;;;;;;;;
-;;8235;EMB-009;1;;;;;;;;;;;;;;;;;;;;;;;;;;;
-;;9235;EMB-009;1;;;;;;;;;;;;;;;;;;;;;;;;;;;
-;;18;EMB-008;1;;;;;;;;;;;;;;;;;;;;;;;;;;;
897604440;;8018A;EMB-008;1;;;;;;;;;;;;;;;;;;;;;;;;;;;
-;;8018;EMB-008;1;;;;;;;;;;;;;;;;;;;;;;;;;;;
897604436;;8018VD;EMB-008;1;;;;;;;;;;;;;;;;;;;;;;;;;;;
897604433;;8018R;EMB-008;1;;;;;;;;;;;;;;;;;;;;;;;;;;;
899504169;;8018VM;EMB-008;1;;;;;;;;;;;;;;;;;;;;;;;;;;;
-;;58;EMB-009;1;;;;;;;;;;;;;;;;;;;;;;;;;;;
-;;8058;EMB-009;1;;;;;;;;;;;;;;;;;;;;;;;;;;;
899542092;;8058VD;EMB-009;1;;;;;;;;;;;;;;;;;;;;;;;;;;;
899542101;;8058VM;EMB-009;1;;;;;;;;;;;;;;;;;;;;;;;;;;;
899542095;;8058A;EMB-009;1;;;;;;;;;;;;;;;;;;;;;;;;;;;
899542089;;8058R;EMB-009;1;;;;;;;;;;;;;;;;;;;;;;;;;;;
900223947;;8058-AR;EMB-009;1;;;;;;;;;;;;;;;;;;;;;;;;;;;
900223925;;8058-VDVD;EMB-009;1;;;;;;;;;;;;;;;;;;;;;;;;;;;
900223922;;8058-VDVM;EMB-009;1;;;;;;;;;;;;;;;;;;;;;;;;;;;
900223944;;8058-AB;EMB-009;1;;;;;;;;;;;;;;;;;;;;;;;;;;;
900223932;;8058-VDR;EMB-009;1;;;;;;;;;;;;;;;;;;;;;;;;;;;
900223959;;8058-RR;EMB-009;1;;;;;;;;;;;;;;;;;;;;;;;;;;;
900223962;;8058-RB;EMB-009;1;;;;;;;;;;;;;;;;;;;;;;;;;;;
900223937;;8058-VDB;EMB-009;1;;;;;;;;;;;;;;;;;;;;;;;;;;;
900223929;;8058-VDA;EMB-009;1;;;;;;;;;;;;;;;;;;;;;;;;;;;
900223968;;8058-VMVM;EMB-009;1;;;;;;;;;;;;;;;;;;;;;;;;;;;
900223953;;8058-BB;EMB-009;1;;;;;;;;;;;;;;;;;;;;;;;;;;;
900223965;;8058-RVM;EMB-009;1;;;;;;;;;;;;;;;;;;;;;;;;;;;
900223956;;8058-BVM;EMB-009;1;;;;;;;;;;;;;;;;;;;;;;;;;;;
900223950;;8058-AVM;EMB-009;1;;;;;;;;;;;;;;;;;;;;;;;;;;;
900223941;;8058-AA;EMB-009;1;;;;;;;;;;;;;;;;;;;;;;;;;;;
900231735;;8058-VDVMAB;EMB-009;1;;;;;;;;;;;;;;;;;;;;;;;;;;;
900231650;;8058-4;EMB-009;1;;;;;;;;;;;;;;;;;;;;;;;;;;;
-;;423;EMB-007;1;;;;;;;;;;;;;;;;;;;;;;;;;;;
-;;59;EMB-007;1;;;;;;;;;;;;;;;;;;;;;;;;;;;
-;;62;EMB-007;1;;;;;;;;;;;;;;;;;;;;;;;;;;;
-;;5249;EMB-007;1;;;;;;;;;;;;;;;;;;;;;;;;;;;
-;;5226;EMB-007;1;;;;;;;;;;;;;;;;;;;;;;;;;;;
-;;5252;EMB-007;1;;;;;;;;;;;;;;;;;;;;;;;;;;;
-;;249;EMB-007;1;;;;;;;;;;;;;;;;;;;;;;;;;;;
-;;226;EMB-007;1;;;;;;;;;;;;;;;;;;;;;;;;;;;
-;;252;EMB-007;1;;;;;;;;;;;;;;;;;;;;;;;;;;;
-;;15;EMB-007;1;;;;;;;;;;;;;;;;;;;;;;;;;;;
-;;8015;EMB-007;1;;;;;;;;;;;;;;;;;;;;;;;;;;;
-;;157;EMB-007;1;;;;;;;;;;;;;;;;;;;;;;;;;;;
-;;246566;EMB-020;1;;;;;;;;;;;;;;;;;;;;;;;;;;;
-;;24333435;EMB-014;1;;;;;;;;;;;;;;;;;;;;;;;;;;;
-;;24363738;EMB-014;1;;;;;;;;;;;;;;;;;;;;;;;;;;;
-;;24242526;EMB-014;1;;;;;;;;;;;;;;;;;;;;;;;;;;;
-;;24272829;EMB-014;1;;;;;;;;;;;;;;;;;;;;;;;;;;;
-;;24303132;EMB-014;1;;;;;;;;;;;;;;;;;;;;;;;;;;;
912224504;;2423ABC;EMB-014;1;;;;;;;;;;;;;;;;;;;;;;;;;;;
-;2423;24252426;EMB-007;1;;;;;;;;;;;;;;;;;;;;;;;;;;;
-;;24312432;EMB-007;1;;;;;;;;;;;;;;;;;;;;;;;;;;;
-;;2432;EMB-027;1;;;;;;;;;;;;;;;;;;;;;;;;;;;
-;;2467;EMB-007;1;;;;;;;;;;;;;;;;;;;;;;;;;;;
-;;2435;EMB-027;1;;;;;;;;;;;;;;;;;;;;;;;;;;;
-;;2430;EMB-008;1;;;;;;;;;;;;;;;;;;;;;;;;;;;
-;;2431;EMB-020;1;;;;;;;;;;;;;;;;;;;;;;;;;;;
891943338;;243X;EMB-020;1;;;;;;;;;;;;;;;;;;;;;;;;;;;
-;;2434;EMB-020;1;;;;;;;;;;;;;;;;;;;;;;;;;;;
-;;2426;EMB-027;1;;;;;;;;;;;;;;;;;;;;;;;;;;;
-;;2429;EMB-027;1;;;;;;;;;;;;;;;;;;;;;;;;;;;
-;;2438;EMB-027;1;;;;;;;;;;;;;;;;;;;;;;;;;;;
-;;2466;EMB-019;1;;;;;;;;;;;;;;;;;;;;;;;;;;;
-;;2433;EMB-008;1;;;;;;;;;;;;;;;;;;;;;;;;;;;
-;;2469;EMB-019;1;;;;;;;;;;;;;;;;;;;;;;;;;;;
-;;2470;EMB-007;1;;;;;;;;;;;;;;;;;;;;;;;;;;;
891943378;;2430X;EMB-008;1;;;;;;;;;;;;;;;;;;;;;;;;;;;
-;;2461;EMB-007;1;;;;;;;;;;;;;;;;;;;;;;;;;;;
-;;2425;EMB-020;1;;;;;;;;;;;;;;;;;;;;;;;;;;;
-;;2464;EMB-007;1;;;;;;;;;;;;;;;;;;;;;;;;;;;
-;;2428;EMB-020;1;;;;;;;;;;;;;;;;;;;;;;;;;;;
-;;2465;EMB-008;1;;;;;;;;;;;;;;;;;;;;;;;;;;;
-;;246869;EMB-019;1;;;;;;;;;;;;;;;;;;;;;;;;;;;
-;;2473;EMB-007;1;;;;;;;;;;;;;;;;;;;;;;;;;;;
-;;2424;EMB-008;1;;;;;;;;;;;;;;;;;;;;;;;;;;;
-;;2437;EMB-020;1;;;;;;;;;;;;;;;;;;;;;;;;;;;
-;;2427;EMB-008;1;;;;;;;;;;;;;;;;;;;;;;;;;;;
-;;2436;EMB-008;1;;;;;;;;;;;;;;;;;;;;;;;;;;;
891942629;;2430-2;EMB-009;1;;;;;;;;;;;;;;;;;;;;;;;;;;;
-;;2460;EMB-019;1;;;;;;;;;;;;;;;;;;;;;;;;;;;
-;;245960;EMB-019;1;;;;;;;;;;;;;;;;;;;;;;;;;;;
-;;;EMB-012;1;;;;;;;;;;;;;;;;;;;;;;;;;;;
-;;243334;EMB-020;1;;;;;;;;;;;;;;;;;;;;;;;;;;;
-;;243031;EMB-020;1;;;;;;;;;;;;;;;;;;;;;;;;;;;
891942644;;2433-2;EMB-009;1;;;;;;;;;;;;;;;;;;;;;;;;;;;
-;;2468;EMB-008;1;;;;;;;;;;;;;;;;;;;;;;;;;;;
932604679;2423;24252426-2;EMB-014;1;;;;;;;;;;;;;;;;;;;;;;;;;;;
-;;2463;EMB-019;1;;;;;;;;;;;;;;;;;;;;;;;;;;;
932604677;;24282429-2;EMB-014;1;;;;;;;;;;;;;;;;;;;;;;;;;;;
932604681;;24312432-2;EMB-014;1;;;;;;;;;;;;;;;;;;;;;;;;;;;
932604683;;24342435-2;EMB-014;1;;;;;;;;;;;;;;;;;;;;;;;;;;;
932604685;;24372438-2;EMB-014;1;;;;;;;;;;;;;;;;;;;;;;;;;;;
912088063;;2432-2;EMB-027;1;;;;;;;;;;;;;;;;;;;;;;;;;;;
912088057;;243X-2;EMB-027;1;;;;;;;;;;;;;;;;;;;;;;;;;;;
891942600;;2424-2;EMB-009;1;;;;;;;;;;;;;;;;;;;;;;;;;;;
-;;246263;EMB-019;1;;;;;;;;;;;;;;;;;;;;;;;;;;;
-;;242425;EMB-020;1;;;;;;;;;;;;;;;;;;;;;;;;;;;
912088063;;2432-2;EMB-027;1;;;;;;;;;;;;;;;;;;;;;;;;;;;
-;;2472;EMB-019;1;;;;;;;;;;;;;;;;;;;;;;;;;;;
912088066;;2435-2;EMB-027;1;;;;;;;;;;;;;;;;;;;;;;;;;;;
912088066;;2435-2;EMB-027;1;;;;;;;;;;;;;;;;;;;;;;;;;;;
912088075;;2426-2;EMB-027;1;;;;;;;;;;;;;;;;;;;;;;;;;;;
-;;;;;;;;;;;;;;;;;;;;;;;;;;;;;;;
-;;;;;;;;;;;;;;;;;;;;;;;;;;;;;;;
-;;2431-3;EMB-020;1;;;;;;;;;;;;;;;;;;;;;;;;;;;
-;;2459;EMB-008;1;;;;;;;;;;;;;;;;;;;;;;;;;;;
-;;247172;EMB-019;1;;;;;;;;;;;;;;;;;;;;;;;;;;;
891942556;;2427-2;EMB-009;1;;;;;;;;;;;;;;;;;;;;;;;;;;;
-;;242728;EMB-020;1;;;;;;;;;;;;;;;;;;;;;;;;;;;
-;;2434-3;EMB-020;1;;;;;;;;;;;;;;;;;;;;;;;;;;;
-;;2425-3;EMB-020;1;;;;;;;;;;;;;;;;;;;;;;;;;;;
912088072;;2429-2;EMB-027;1;;;;;;;;;;;;;;;;;;;;;;;;;;;
912088072;;2429-2;EMB-027;1;;;;;;;;;;;;;;;;;;;;;;;;;;;
912088069;;2438-2;EMB-027;1;;;;;;;;;;;;;;;;;;;;;;;;;;;
912088069;;2438-2;EMB-027;1;;;;;;;;;;;;;;;;;;;;;;;;;;;
-;;2428-3;EMB-020;1;;;;;;;;;;;;;;;;;;;;;;;;;;;
-;;2437-3;EMB-020;1;;;;;;;;;;;;;;;;;;;;;;;;;;;
-;;247172;EMB-019;1;;;;;;;;;;;;;;;;;;;;;;;;;;;
891942556;;2427-2;EMB-009;1;;;;;;;;;;;;;;;;;;;;;;;;;;;
-;;242728;EMB-020;1;;;;;;;;;;;;;;;;;;;;;;;;;;;
891942769;;2434-2;EMB-020;1;;;;;;;;;;;;;;;;;;;;;;;;;;;
891942807;;2425-2;EMB-020;1;;;;;;;;;;;;;;;;;;;;;;;;;;;
912088072;;2429-2;EMB-027;1;;;;;;;;;;;;;;;;;;;;;;;;;;;
912088072;;2429-2;EMB-027;1;;;;;;;;;;;;;;;;;;;;;;;;;;;
912088069;;2438-2;EMB-027;1;;;;;;;;;;;;;;;;;;;;;;;;;;;
912088069;;2438-2;EMB-027;1;;;;;;;;;;;;;;;;;;;;;;;;;;;
891942792;;2428-2;EMB-020;1;;;;;;;;;;;;;;;;;;;;;;;;;;;
891942781;;2437-2;EMB-020;1;;;;;;;;;;;;;;;;;;;;;;;;;;;
891942526;;2436-2;EMB-009;1;;;;;;;;;;;;;;;;;;;;;;;;;;;
891942470;;2423X-2;EMB-009;1;;;;;;;;;;;;;;;;;;;;;;;;;;;
-;;2462;EMB-008;1;;;;;;;;;;;;;;;;;;;;;;;;;;;
-;;243637;EMB-020;1;;;;;;;;;;;;;;;;;;;;;;;;;;;
891942712;;2430-4;EMB-014;1;;;;;;;;;;;;;;;;;;;;;;;;;;;
891942721;;2433-4;EMB-014;1;;;;;;;;;;;;;;;;;;;;;;;;;;;
891942701;;2424-4;EMB-014;1;;;;;;;;;;;;;;;;;;;;;;;;;;;
891942694;;2427-4;EMB-014;1;;;;;;;;;;;;;;;;;;;;;;;;;;;
912143722;;2432-4;EMB-012;1;;;;;;;;;;;;;;;;;;;;;;;;;;;
891942684;;2436-4;EMB-014;1;;;;;;;;;;;;;;;;;;;;;;;;;;;
891950542;;2431-4;EMB-020;1;;;;;;;;;;;;;;;;;;;;;;;;;;;
891950549;;2434-4;EMB-020;1;;;;;;;;;;;;;;;;;;;;;;;;;;;
891950535;;2425-4;EMB-020;1;;;;;;;;;;;;;;;;;;;;;;;;;;;
912143716;;243X-4;EMB-012;1;;;;;;;;;;;;;;;;;;;;;;;;;;;
912143724;;2435-4;EMB-012;1;;;;;;;;;;;;;;;;;;;;;;;;;;;
912143730;;2426-4;EMB-012;1;;;;;;;;;;;;;;;;;;;;;;;;;;;
912143728;;2429-4;EMB-012;1;;;;;;;;;;;;;;;;;;;;;;;;;;;
891950524;;2428-4;EMB-020;1;;;;;;;;;;;;;;;;;;;;;;;;;;;
-;;2471;EMB-008;1;;;;;;;;;;;;;;;;;;;;;;;;;;;
891950556;;2437-4;EMB-020;1;;;;;;;;;;;;;;;;;;;;;;;;;;;
912143726;;2438-4;EMB-012;1;;;;;;;;;;;;;;;;;;;;;;;;;;;
912088075;;2426-2;EMB-012;1;;;;;;;;;;;;;;;;;;;;;;;;;;;
-;;2167;EMB-007;1;;;;;;;;;;;;;;;;;;;;;;;;;;;
-;;2168;EMB-007;1;;;;;;;;;;;;;;;;;;;;;;;;;;;
-;;2165;EMB-007;1;;;;;;;;;;;;;;;;;;;;;;;;;;;
-;;2166;EMB-007;1;;;;;;;;;;;;;;;;;;;;;;;;;;;
-;;2169;EMB-007;1;;;;;;;;;;;;;;;;;;;;;;;;;;;
-;;2080;EMB-008;1;;;;;;;;;;;;;;;;;;;;;;;;;;;
-;;2085;EMB-008;1;;;;;;;;;;;;;;;;;;;;;;;;;;;
-;;2070;EMB-008;1;;;;;;;;;;;;;;;;;;;;;;;;;;;
-;;2075;EMB-008;1;;;;;;;;;;;;;;;;;;;;;;;;;;;
-;;2090;EMB-008;1;;;;;;;;;;;;;;;;;;;;;;;;;;;
930269419;;868788-2;EMB-007;1;;;;;;;;;;;;;;;;;;;;;;;;;;;
930269421;;919293-2;EMB-007;1;;;;;;;;;;;;;;;;;;;;;;;;;;;
930269423;;767778-2;EMB-007;1;;;;;;;;;;;;;;;;;;;;;;;;;;;
930269427;;818283-2;EMB-007;1;;;;;;;;;;;;;;;;;;;;;;;;;;;
930269425;;717273-2;EMB-007;1;;;;;;;;;;;;;;;;;;;;;;;;;;;
-;;2083;EMB-012;1;;;;;;;;;;;;;;;;;;;;;;;;;;;
-;;2088;EMB-012;1;;;;;;;;;;;;;;;;;;;;;;;;;;;
-;;2073;EMB-012;1;;;;;;;;;;;;;;;;;;;;;;;;;;;
-;;2078;EMB-012;1;;;;;;;;;;;;;;;;;;;;;;;;;;;
-;;2093;EMB-012;1;;;;;;;;;;;;;;;;;;;;;;;;;;;
-;;2084;EMB-028;1;;;;;;;;;;;;;;;;;;;;;;;;;;;
-;;2089;EMB-028;1;;;;;;;;;;;;;;;;;;;;;;;;;;;
-;;2074;EMB-028;1;;;;;;;;;;;;;;;;;;;;;;;;;;;
-;;2079;EMB-028;1;;;;;;;;;;;;;;;;;;;;;;;;;;;
-;;2094;EMB-028;1;;;;;;;;;;;;;;;;;;;;;;;;;;;
-;;2081;EMB-019;1;;;;;;;;;;;;;;;;;;;;;;;;;;;
-;;2086;EMB-019;1;;;;;;;;;;;;;;;;;;;;;;;;;;;
-;;2071;EMB-019;1;;;;;;;;;;;;;;;;;;;;;;;;;;;
-;;2076;EMB-019;1;;;;;;;;;;;;;;;;;;;;;;;;;;;
-;;2091;EMB-019;1;;;;;;;;;;;;;;;;;;;;;;;;;;;
891942955;;210X;EMB-019;1;;;;;;;;;;;;;;;;;;;;;;;;;;;
-;;208687;EMB-019;1;;;;;;;;;;;;;;;;;;;;;;;;;;;
-;;209192;EMB-019;1;;;;;;;;;;;;;;;;;;;;;;;;;;;
-;;207172;EMB-019;1;;;;;;;;;;;;;;;;;;;;;;;;;;;
-;;207677;EMB-019;1;;;;;;;;;;;;;;;;;;;;;;;;;;;
-;;208182;EMB-019;1;;;;;;;;;;;;;;;;;;;;;;;;;;;
-;;2082;EMB-019;1;;;;;;;;;;;;;;;;;;;;;;;;;;;
-;;2087;EMB-019;1;;;;;;;;;;;;;;;;;;;;;;;;;;;
-;;2072;EMB-019;1;;;;;;;;;;;;;;;;;;;;;;;;;;;
-;;2077;EMB-019;1;;;;;;;;;;;;;;;;;;;;;;;;;;;
-;;2092;EMB-019;1;;;;;;;;;;;;;;;;;;;;;;;;;;;
891942833;;211X;EMB-019;1;;;;;;;;;;;;;;;;;;;;;;;;;;;
927671767;;2080-2;EMB-008;1;;;;;;;;;;;;;;;;;;;;;;;;;;;
927671737;;2085-2;EMB-008;1;;;;;;;;;;;;;;;;;;;;;;;;;;;
927671761;;2070-2;EMB-008;1;;;;;;;;;;;;;;;;;;;;;;;;;;;
927671753;;2075-2;EMB-008;1;;;;;;;;;;;;;;;;;;;;;;;;;;;
927671746;;2090-2;EMB-008;1;;;;;;;;;;;;;;;;;;;;;;;;;;;
929817844;;2083-2;EMB-012;1;;;;;;;;;;;;;;;;;;;;;;;;;;;
929817850;;2088-2;EMB-012;1;;;;;;;;;;;;;;;;;;;;;;;;;;;
929817846;;2073-2;EMB-012;1;;;;;;;;;;;;;;;;;;;;;;;;;;;
929817848;;2078-2;EMB-012;1;;;;;;;;;;;;;;;;;;;;;;;;;;;
929817852;;2093-2;EMB-012;1;;;;;;;;;;;;;;;;;;;;;;;;;;;
932038268;;2089-2;EMB-028;1;;;;;;;;;;;;;;;;;;;;;;;;;;;
932038266;;2079-2;EMB-028;1;;;;;;;;;;;;;;;;;;;;;;;;;;;
932038270;;2094-2;EMB-028;1;;;;;;;;;;;;;;;;;;;;;;;;;;;
932038272;;2084-2;EMB-028;1;;;;;;;;;;;;;;;;;;;;;;;;;;;
932038264;;2074-2;EMB-028;1;;;;;;;;;;;;;;;;;;;;;;;;;;;
891948388;;2081-2;EMB-019;1;;;;;;;;;;;;;;;;;;;;;;;;;;;
891948235;;2078X-2;EMB-019;1;;;;;;;;;;;;;;;;;;;;;;;;;;;
891948270;;2086-2;EMB-019;1;;;;;;;;;;;;;;;;;;;;;;;;;;;
891948356;;2071-2;EMB-019;1;;;;;;;;;;;;;;;;;;;;;;;;;;;
891948326;;2076-2;EMB-019;1;;;;;;;;;;;;;;;;;;;;;;;;;;;
891948301;;2091-2;EMB-019;1;;;;;;;;;;;;;;;;;;;;;;;;;;;
-;;2085-6;EMB-009;1;;;;;;;;;;;;;;;;;;;;;;;;;;;
891948569;;208687-2;EMB-019;1;;;;;;;;;;;;;;;;;;;;;;;;;;;
891948591;;209192-2;EMB-019;1;;;;;;;;;;;;;;;;;;;;;;;;;;;
891948591;;209192-2;EMB-019;1;;;;;;;;;;;;;;;;;;;;;;;;;;;
891948739;;208182-2;EMB-019;1;;;;;;;;;;;;;;;;;;;;;;;;;;;
891948640;;207677-2;EMB-019;1;;;;;;;;;;;;;;;;;;;;;;;;;;;
891948670;;207172-2;EMB-019;1;;;;;;;;;;;;;;;;;;;;;;;;;;;
891948197;;2082-2;EMB-019;1;;;;;;;;;;;;;;;;;;;;;;;;;;;
891948065;;2087-2;EMB-019;1;;;;;;;;;;;;;;;;;;;;;;;;;;;
891948018;;2089X-2;EMB-019;1;;;;;;;;;;;;;;;;;;;;;;;;;;;
891948166;;2072-2;EMB-019;1;;;;;;;;;;;;;;;;;;;;;;;;;;;
891948133;;2077-2;EMB-019;1;;;;;;;;;;;;;;;;;;;;;;;;;;;
891948104;;2092-2;EMB-019;1;;;;;;;;;;;;;;;;;;;;;;;;;;;
932038272;;2084-2;EMB-028;1;;;;;;;;;;;;;;;;;;;;;;;;;;;
927934851;;2080-4;EMB-008;1;;;;;;;;;;;;;;;;;;;;;;;;;;;
927934835;;2085-4;EMB-008;1;;;;;;;;;;;;;;;;;;;;;;;;;;;
927934848;;2070-4;EMB-008;1;;;;;;;;;;;;;;;;;;;;;;;;;;;
927934843;;2075-4;EMB-008;1;;;;;;;;;;;;;;;;;;;;;;;;;;;
927934838;;2090-4;EMB-008;1;;;;;;;;;;;;;;;;;;;;;;;;;;;
929946540;;2083-4;EMB-012;1;;;;;;;;;;;;;;;;;;;;;;;;;;;
929946546;;2088-4;EMB-012;1;;;;;;;;;;;;;;;;;;;;;;;;;;;
929946542;;2073-4;EMB-012;1;;;;;;;;;;;;;;;;;;;;;;;;;;;
929946544;;2078-4;EMB-012;1;;;;;;;;;;;;;;;;;;;;;;;;;;;
-;;;EMB-019;1;;;;;;;;;;;;;;;;;;;;;;;;;;;
929946548;;2093-4;EMB-012;1;;;;;;;;;;;;;;;;;;;;;;;;;;;
932038272;;2084-2;EMB-028;1;;;;;;;;;;;;;;;;;;;;;;;;;;;
891948388;;2081-2;EMB-012;1;;;;;;;;;;;;;;;;;;;;;;;;;;;
-;;2150;EMB-007;1;;;;;;;;;;;;;;;;;;;;;;;;;;;
913861305;;21456X;EMB-007;1;;;;;;;;;;;;;;;;;;;;;;;;;;;
-;;2155;EMB-007;1;;;;;;;;;;;;;;;;;;;;;;;;;;;
-;;2140;EMB-007;1;;;;;;;;;;;;;;;;;;;;;;;;;;;
-;;2145;EMB-007;1;;;;;;;;;;;;;;;;;;;;;;;;;;;
-;;2160;EMB-007;1;;;;;;;;;;;;;;;;;;;;;;;;;;;
-;;268;EMB-012;1;;;;;;;;;;;;;;;;;;;;;;;;;;;
900597611;;26X;EMB-012;1;;;;;;;;;;;;;;;;;;;;;;;;;;;
-;;566;EMB-012;1;;;;;;;;;;;;;;;;;;;;;;;;;;;
-;;266;EMB-012;1;;;;;;;;;;;;;;;;;;;;;;;;;;;
-;;267;EMB-012;1;;;;;;;;;;;;;;;;;;;;;;;;;;;
-;;567;EMB-012;1;;;;;;;;;;;;;;;;;;;;;;;;;;;
-;;2153;EMB-012;1;;;;;;;;;;;;;;;;;;;;;;;;;;;
-;;2158;EMB-012;1;;;;;;;;;;;;;;;;;;;;;;;;;;;
-;;2143;EMB-012;1;;;;;;;;;;;;;;;;;;;;;;;;;;;
-;;2148;EMB-012;1;;;;;;;;;;;;;;;;;;;;;;;;;;;
-;;2081-4;EMB-019;1;;;;;;;;;;;;;;;;;;;;;;;;;;;
-;;2091-4;EMB-019;1;;;;;;;;;;;;;;;;;;;;;;;;;;;
-;;2076-4;EMB-019;1;;;;;;;;;;;;;;;;;;;;;;;;;;;
-;;2086-4;EMB-019;1;;;;;;;;;;;;;;;;;;;;;;;;;;;
-;;2163;EMB-012;1;;;;;;;;;;;;;;;;;;;;;;;;;;;
-;;2071-4;EMB-019;1;;;;;;;;;;;;;;;;;;;;;;;;;;;
-;;260;EMB-012;1;;;;;;;;;;;;;;;;;;;;;;;;;;;
900483609;;25X;EMB-012;1;;;;;;;;;;;;;;;;;;;;;;;;;;;
-;;568;EMB-012;1;;;;;;;;;;;;;;;;;;;;;;;;;;;
-;;258;EMB-012;1;;;;;;;;;;;;;;;;;;;;;;;;;;;
-;;259;EMB-012;1;;;;;;;;;;;;;;;;;;;;;;;;;;;
-;;569;EMB-012;1;;;;;;;;;;;;;;;;;;;;;;;;;;;
-;;2154;EMB-028;1;;;;;;;;;;;;;;;;;;;;;;;;;;;
-;;2159;EMB-028;1;;;;;;;;;;;;;;;;;;;;;;;;;;;
-;;2144;EMB-028;1;;;;;;;;;;;;;;;;;;;;;;;;;;;
-;;2149;EMB-028;1;;;;;;;;;;;;;;;;;;;;;;;;;;;
-;;2164;EMB-028;1;;;;;;;;;;;;;;;;;;;;;;;;;;;
-;;2151;EMB-019;1;;;;;;;;;;;;;;;;;;;;;;;;;;;
-;;2156;EMB-019;1;;;;;;;;;;;;;;;;;;;;;;;;;;;
-;;2141;EMB-019;1;;;;;;;;;;;;;;;;;;;;;;;;;;;
-;;2146;EMB-019;1;;;;;;;;;;;;;;;;;;;;;;;;;;;
-;;2161;EMB-019;1;;;;;;;;;;;;;;;;;;;;;;;;;;;
-;;2152;EMB-019;1;;;;;;;;;;;;;;;;;;;;;;;;;;;
-;;2157;EMB-019;1;;;;;;;;;;;;;;;;;;;;;;;;;;;
-;;2142;EMB-019;1;;;;;;;;;;;;;;;;;;;;;;;;;;;
-;;2147;EMB-019;1;;;;;;;;;;;;;;;;;;;;;;;;;;;
895021958;;216X;EMB-019;1;;;;;;;;;;;;;;;;;;;;;;;;;;;
-;;2162;EMB-019;1;;;;;;;;;;;;;;;;;;;;;;;;;;;
-;;26658;EMB-012;1;;;;;;;;;;;;;;;;;;;;;;;;;;;
901481828;;266XX;EMB-012;1;;;;;;;;;;;;;;;;;;;;;;;;;;;
-;;26759;EMB-012;1;;;;;;;;;;;;;;;;;;;;;;;;;;;
-;;26860;EMB-012;1;;;;;;;;;;;;;;;;;;;;;;;;;;;
-;;56668;EMB-012;1;;;;;;;;;;;;;;;;;;;;;;;;;;;
-;;56769;EMB-012;1;;;;;;;;;;;;;;;;;;;;;;;;;;;
-;;-;EMB-015;1;;;;;;;;;;;;;;;;;;;;;;;;;;;
926304826;;PM-080405;EMB-012;1;;;;;;;;;;;;;;;;;;;;;;;;;;;
926304822;;PM-049093;EMB-012;1;;;;;;;;;;;;;;;;;;;;;;;;;;;
926304824;;PM-058990;EMB-012;1;;;;;;;;;;;;;;;;;;;;;;;;;;;
926304820;;PM-048992;EMB-012;1;;;;;;;;;;;;;;;;;;;;;;;;;;;
915378503;;PM-0590;EMB-012;1;;;;;;;;;;;;;;;;;;;;;;;;;;;
915378491;;PM-0490;EMB-012;1;;;;;;;;;;;;;;;;;;;;;;;;;;;
915378488;;PM-0489;EMB-012;1;;;;;;;;;;;;;;;;;;;;;;;;;;;
915378541;;PM-0804;EMB-012;1;;;;;;;;;;;;;;;;;;;;;;;;;;;
918902812;;PM-0589P;EMB-012;1;;;;;;;;;;;;;;;;;;;;;;;;;;;
918902806;;PM-0492P;EMB-012;1;;;;;;;;;;;;;;;;;;;;;;;;;;;
918902809;;PM-0493P;EMB-012;1;;;;;;;;;;;;;;;;;;;;;;;;;;;
918902815;;PM-0805P;EMB-012;1;;;;;;;;;;;;;;;;;;;;;;;;;;;
918902801;;PM-0490P;EMB-012;1;;;;;;;;;;;;;;;;;;;;;;;;;;;
926172855;;PM-080405-2;EMB-012;1;;;;;;;;;;;;;;;;;;;;;;;;;;;
926172851;;PM-049093-2;EMB-012;1;;;;;;;;;;;;;;;;;;;;;;;;;;;
926172853;;PM-058990-2;EMB-012;1;;;;;;;;;;;;;;;;;;;;;;;;;;;
926172849;;PM-048992-2;EMB-012;1;;;;;;;;;;;;;;;;;;;;;;;;;;;
926067148;;PM-0590-2;EMB-012;1;;;;;;;;;;;;;;;;;;;;;;;;;;;
926067145;;PM-0490-2;EMB-012;1;;;;;;;;;;;;;;;;;;;;;;;;;;;
-;;0805-4;EMB-007;1;;;;;;;;;;;;;;;;;;;;;;;;;;;
-;;805;EMB-007;1;;;;;;;;;;;;;;;;;;;;;;;;;;;
-;;589;EMB-007;1;;;;;;;;;;;;;;;;;;;;;;;;;;;
-;;492;EMB-007;1;;;;;;;;;;;;;;;;;;;;;;;;;;;
-;;493;EMB-007;1;;;;;;;;;;;;;;;;;;;;;;;;;;;
926067142;;PM-0489-2;EMB-012;1;;;;;;;;;;;;;;;;;;;;;;;;;;;
926067151;;PM-0804-2;EMB-012;1;;;;;;;;;;;;;;;;;;;;;;;;;;;
920318311;;PM-0492P-2;EMB-012;1;;;;;;;;;;;;;;;;;;;;;;;;;;;
920318313;;PM-0493P-2;EMB-012;1;;;;;;;;;;;;;;;;;;;;;;;;;;;
920318317;;PM-0805P-2;EMB-012;1;;;;;;;;;;;;;;;;;;;;;;;;;;;
915393071;;0805-2;EMB-012;1;;;;;;;;;;;;;;;;;;;;;;;;;;;
915393068;;0589-2;EMB-012;1;;;;;;;;;;;;;;;;;;;;;;;;;;;
915393062;;0492-2;EMB-012;1;;;;;;;;;;;;;;;;;;;;;;;;;;;
915393065;;0493-2;EMB-012;1;;;;;;;;;;;;;;;;;;;;;;;;;;;
920318317;;PM-0805P-2;EMB-012;1;;;;;;;;;;;;;;;;;;;;;;;;;;;
920318315;;PM-0589P-2;EMB-012;1;;;;;;;;;;;;;;;;;;;;;;;;;;;
920318306;;PM-0490P-2;EMB-012;1;;;;;;;;;;;;;;;;;;;;;;;;;;;
-;;PM-0490P-3;EMB-007;1;;;;;;;;;;;;;;;;;;;;;;;;;;;
-;;PM-0490P-4;EMB-007;1;;;;;;;;;;;;;;;;;;;;;;;;;;;
-;;768;EMB-015;1;;;;;;;;;;;;;;;;;;;;;;;;;;;
-;;768;EMB-015;1;;;;;;;;;;;;;;;;;;;;;;;;;;;
-;;361191;EMB-015;1;;;;;;;;;;;;;;;;;;;;;;;;;;;
-;;291186;EMB-015;1;;;;;;;;;;;;;;;;;;;;;;;;;;;
-;;224183;EMB-015;1;;;;;;;;;;;;;;;;;;;;;;;;;;;
-;;291;EMB-015;1;;;;;;;;;;;;;;;;;;;;;;;;;;;
-;;224;EMB-015;1;;;;;;;;;;;;;;;;;;;;;;;;;;;
-;;2296;EMB-007;1;;;;;;;;;;;;;;;;;;;;;;;;;;;
-;;2298;EMB-007;1;;;;;;;;;;;;;;;;;;;;;;;;;;;
-;;2292;EMB-007;1;;;;;;;;;;;;;;;;;;;;;;;;;;;
-;;2294;EMB-007;1;;;;;;;;;;;;;;;;;;;;;;;;;;;
-;;2300;EMB-007;1;;;;;;;;;;;;;;;;;;;;;;;;;;;
898961654;;2296-4;EMB-007;1;;;;;;;;;;;;;;;;;;;;;;;;;;;
898961658;;2298-4;EMB-007;1;;;;;;;;;;;;;;;;;;;;;;;;;;;
898961651;;2292-4;EMB-007;1;;;;;;;;;;;;;;;;;;;;;;;;;;;
898961649;;2294-4;EMB-007;1;;;;;;;;;;;;;;;;;;;;;;;;;;;
898961649;;2294-4;EMB-021;1;;;;;;;;;;;;;;;;;;;;;;;;;;;
898961639;;2223X-4;EMB-007;1;;;;;;;;;;;;;;;;;;;;;;;;;;;
898961645;;2300-4;EMB-007;1;;;;;;;;;;;;;;;;;;;;;;;;;;;
-;;2297;EMB-008;1;;;;;;;;;;;;;;;;;;;;;;;;;;;
-;;2299;EMB-008;1;;;;;;;;;;;;;;;;;;;;;;;;;;;
-;;2293;EMB-008;1;;;;;;;;;;;;;;;;;;;;;;;;;;;
-;;2295;EMB-008;1;;;;;;;;;;;;;;;;;;;;;;;;;;;
-;;2301;EMB-008;1;;;;;;;;;;;;;;;;;;;;;;;;;;;
891953240;;2297-4;EMB-009;1;;;;;;;;;;;;;;;;;;;;;;;;;;;
891953290;;2299-4;EMB-009;1;;;;;;;;;;;;;;;;;;;;;;;;;;;
891953161;;2293-4;EMB-009;1;;;;;;;;;;;;;;;;;;;;;;;;;;;
891953107;;2295-4;EMB-009;1;;;;;;;;;;;;;;;;;;;;;;;;;;;
891953037;;229230X-4;EMB-009;1;;;;;;;;;;;;;;;;;;;;;;;;;;;
891953089;;2301-4;EMB-009;1;;;;;;;;;;;;;;;;;;;;;;;;;;;
907828089;;2301-6;EMB-009;1;;;;;;;;;;;;;;;;;;;;;;;;;;;
907828097;;2299-6;EMB-009;1;;;;;;;;;;;;;;;;;;;;;;;;;;;
907828093;;2293-6;EMB-008;1;;;;;;;;;;;;;;;;;;;;;;;;;;;
907828091;;2295-6;EMB-009;1;;;;;;;;;;;;;;;;;;;;;;;;;;;
907828095;;2297-6;EMB-009;1;;;;;;;;;;;;;;;;;;;;;;;;;;;
-;;22967;EMB-008;1;;;;;;;;;;;;;;;;;;;;;;;;;;;
-;;22989;EMB-008;1;;;;;;;;;;;;;;;;;;;;;;;;;;;
-;;22923;EMB-008;1;;;;;;;;;;;;;;;;;;;;;;;;;;;
-;;22945;EMB-008;1;;;;;;;;;;;;;;;;;;;;;;;;;;;
891948938;;229230X;EMB-008;1;;;;;;;;;;;;;;;;;;;;;;;;;;;
-;;23001;EMB-008;1;;;;;;;;;;;;;;;;;;;;;;;;;;;
-;;6857;EMB-007;1;;;;;;;;;;;;;;;;;;;;;;;;;;;
-;;6857-4;EMB-007;1;;;;;;;;;;;;;;;;;;;;;;;;;;;
-;;7001;EMB-007;1;;;;;;;;;;;;;;;;;;;;;;;;;;;
-;;200;EMB-007;1;;;;;;;;;;;;;;;;;;;;;;;;;;;
-;;391-4;EMB-007;1;;;;;;;;;;;;;;;;;;;;;;;;;;;
-;;342-4;EMB-007;1;;;;;;;;;;;;;;;;;;;;;;;;;;;
-;;106A;EMB-007;1;;;;;;;;;;;;;;;;;;;;;;;;;;;
;;;;;;;;;;;;;;;;;;;;;;;;;;;;;;;
;;;;;;;;;;;;;;;;;;;;;;;;;;;;;;;
;;;;;;;;;;;;;;;;;;;;;;;;;;;;;;;
;;;;;;;;;;;;;;;;;;;;;;;;;;;;;;;
;;;;;;;;;;;;;;;;;;;;;;;;;;;;;;;
;;;;;;;;;;;;;;;;;;;;;;;;;;;;;;;
;;;;;;;;;;;;;;;;;;;;;;;;;;;;;;;